,benchmark,base,greedy1_ln,greedy1_cost,greedy1_policy,greedy2_ln,greedy2_cost,greedy2_policy,bruteforce_ln,bruteforce_cost,bruteforce_policy,policy_ln,policy_cost,benchmark,base,greedy1_ln,greedy1_cost,greedy1_policy,greedy2_ln,greedy2_cost,greedy2_policy,bruteforce_ln,bruteforce_cost,bruteforce_policy,policy_ln,policy_cost
0,benchmark://mm8_16_8_16_128-v0/01234,17.382184982299805,17.382184982299805,17.382184982299805,20.224233627319336,20.224233627319336,18.68311882019043,19.57065200805664,24.038881301879883,15.549029350280762,23.218233108520508,22.684297561645508,23.898622512817383,benchmark://mm8_16_8_16_128-v0/01234,0.0022172927856445312,0.005273342132568359,0.014748334884643555,0.005218029022216797,0.01709723472595215,0.010008811950683594,0.022045373916625977,0.007561683654785156,0.0034241676330566406,0.01092076301574707,0.0044820308685302734,0.004790306091308594
0,benchmark://mm8_16_8_16_128-v0/01243,4.68605899810791,4.379916191101074,4.576616287231445,4.576616287231445,4.355166435241699,4.217313766479492,21.3330078125,21.3330078125,20.924230575561523,22.395061492919922,22.395061492919922,22.395061492919922,benchmark://mm8_16_8_16_128-v0/01243,0.0023725032806396484,0.006264209747314453,0.015900611877441406,0.004506587982177734,0.010631322860717773,0.01471090316772461,0.022875070571899414,0.005710124969482422,0.010448694229125977,0.011120319366455078,0.0054547786712646484,0.005127906799316406
0,benchmark://mm8_16_8_16_128-v0/01324,19.476051330566406,25.815391540527344,23.262014389038086,23.262014389038086,21.232358932495117,10.62825870513916,19.891605377197266,22.595455169677734,14.798429489135742,22.550506591796875,24.537851333618164,23.82518196105957,benchmark://mm8_16_8_16_128-v0/01324,0.0017528533935546875,0.004601001739501953,0.016686201095581055,0.005159616470336914,0.011464595794677734,0.016484737396240234,0.02187800407409668,0.0033583641052246094,0.003125905990600586,0.011506080627441406,0.004280805587768555,0.0049686431884765625
0,benchmark://mm8_16_8_16_128-v0/01342,21.477201461791992,25.19615936279297,17.155879974365234,17.674888610839844,17.674888610839844,16.89990997314453,18.091686248779297,19.27139663696289,15.358293533325195,16.649019241333008,16.649019241333008,16.649019241333008,benchmark://mm8_16_8_16_128-v0/01342,0.0020465850830078125,0.0053157806396484375,0.015631675720214844,0.005217552185058594,0.01720571517944336,0.009427070617675781,0.022208452224731445,0.006964206695556641,0.00855255126953125,0.010977029800415039,0.004578351974487305,0.005146503448486328
0,benchmark://mm8_16_8_16_128-v0/01423,14.555115699768066,32.359962463378906,20.457624435424805,24.38194465637207,24.38194465637207,15.72637939453125,15.719012260437012,17.793209075927734,15.352785110473633,17.79819107055664,17.79819107055664,17.79819107055664,benchmark://mm8_16_8_16_128-v0/01423,0.0021491050720214844,0.004669666290283203,0.015384197235107422,0.004934072494506836,0.017322063446044922,0.008774757385253906,0.02131032943725586,0.0068361759185791016,0.008367300033569336,0.010846614837646484,0.004366636276245117,0.0055141448974609375
0,benchmark://mm8_16_8_16_128-v0/01432,2.6805219650268555,2.5868825912475586,2.4029324054718018,2.4029324054718018,18.640605926513672,18.640605926513672,18.640605926513672,18.640605926513672,17.845672607421875,17.845672607421875,17.845672607421875,19.42337989807129,benchmark://mm8_16_8_16_128-v0/01432,0.0031347274780273438,0.0077838897705078125,0.015514850616455078,0.004653215408325195,0.018832683563232422,0.011347293853759766,0.02060222625732422,0.004003763198852539,0.0027132034301757812,0.011864185333251953,0.005894184112548828,0.006632089614868164
0,benchmark://mm8_16_8_16_128-v0/02134,26.348613739013672,21.200698852539062,21.200698852539062,16.757509231567383,20.313858032226562,20.313858032226562,16.487173080444336,17.95445442199707,17.95445442199707,14.878905296325684,16.74098777770996,16.74098777770996,benchmark://mm8_16_8_16_128-v0/02134,0.001909494400024414,0.0061604976654052734,0.013978719711303711,0.0051615238189697266,0.016110658645629883,0.012765645980834961,0.016362905502319336,0.005584001541137695,0.005126953125,0.006502628326416016,0.005362033843994141,0.004694700241088867
0,benchmark://mm8_16_8_16_128-v0/02143,3.873307466506958,4.4712677001953125,2.1829802989959717,17.634906768798828,17.634906768798828,17.634906768798828,18.563220977783203,18.563220977783203,17.439208984375,19.124914169311523,19.124914169311523,19.124914169311523,benchmark://mm8_16_8_16_128-v0/02143,0.002871274948120117,0.008241891860961914,0.016005277633666992,0.006109476089477539,0.011309385299682617,0.013598203659057617,0.017722368240356445,0.01214599609375,0.003737926483154297,0.01228022575378418,0.004789590835571289,0.005711078643798828
0,benchmark://mm8_16_8_16_128-v0/02314,21.865489959716797,21.865489959716797,21.865489959716797,18.146869659423828,18.146869659423828,25.329145431518555,23.06032371520996,25.12085723876953,20.441272735595703,19.022045135498047,26.092905044555664,29.9755859375,benchmark://mm8_16_8_16_128-v0/02314,0.0016987323760986328,0.004693746566772461,0.014174699783325195,0.005165576934814453,0.017275571823120117,0.010163307189941406,0.021066665649414062,0.0072765350341796875,0.0035135746002197266,0.011281490325927734,0.004911661148071289,0.004658699035644531
0,benchmark://mm8_16_8_16_128-v0/02341,32.982383728027344,32.982383728027344,24.63585662841797,22.76654815673828,23.591337203979492,22.03666114807129,21.284400939941406,23.6604061126709,22.593263626098633,30.195920944213867,30.195920944213867,30.195920944213867,benchmark://mm8_16_8_16_128-v0/02341,0.0016303062438964844,0.006632328033447266,0.01661968231201172,0.0057108402252197266,0.00821828842163086,0.009154319763183594,0.02134537696838379,0.0076558589935302734,0.008499860763549805,0.011820554733276367,0.004584074020385742,0.005575418472290039
0,benchmark://mm8_16_8_16_128-v0/02413,26.033952713012695,24.894227981567383,24.894227981567383,22.284997940063477,33.252235412597656,29.981157302856445,18.590784072875977,18.590784072875977,18.590784072875977,33.061161041259766,18.039785385131836,18.039785385131836,benchmark://mm8_16_8_16_128-v0/02413,0.0016417503356933594,0.006201505661010742,0.015018701553344727,0.004813671112060547,0.015561342239379883,0.014954566955566406,0.02194499969482422,0.007277250289916992,0.0029420852661132812,0.0066432952880859375,0.004986286163330078,0.004389047622680664
0,benchmark://mm8_16_8_16_128-v0/02431,22.337812423706055,25.721038818359375,24.751873016357422,33.008602142333984,33.008602142333984,20.27311134338379,25.481643676757812,22.236204147338867,21.371923446655273,32.95750427246094,32.95750427246094,32.95750427246094,benchmark://mm8_16_8_16_128-v0/02431,0.0017976760864257812,0.004585981369018555,0.016321420669555664,0.005046844482421875,0.017447233200073242,0.008894920349121094,0.02142620086669922,0.007211446762084961,0.008842229843139648,0.011415481567382812,0.004366874694824219,0.005063295364379883
0,benchmark://mm8_16_8_16_128-v0/03124,16.85285186767578,24.254064559936523,16.819061279296875,23.84278678894043,23.84278678894043,21.72933006286621,19.481660842895508,21.562660217285156,19.857044219970703,18.74515724182129,18.74515724182129,18.74515724182129,benchmark://mm8_16_8_16_128-v0/03124,0.0017254352569580078,0.004793405532836914,0.016161441802978516,0.004903316497802734,0.017139673233032227,0.008718729019165039,0.02126336097717285,0.00722503662109375,0.00893402099609375,0.012159109115600586,0.0044612884521484375,0.0052490234375
0,benchmark://mm8_16_8_16_128-v0/03142,19.106618881225586,19.106618881225586,16.551651000976562,24.05790901184082,29.57129669189453,13.347623825073242,24.94708824157715,31.3309383392334,15.633237838745117,26.585264205932617,29.560876846313477,26.557321548461914,benchmark://mm8_16_8_16_128-v0/03142,0.0017082691192626953,0.004845619201660156,0.016492843627929688,0.005599498748779297,0.009726285934448242,0.009040594100952148,0.021340608596801758,0.003426074981689453,0.0035648345947265625,0.011469841003417969,0.004572868347167969,0.0047473907470703125
0,benchmark://mm8_16_8_16_128-v0/03214,24.022634506225586,26.032981872558594,14.384942054748535,20.8803768157959,24.439767837524414,13.39999008178711,17.20697784423828,19.900192260742188,14.043883323669434,17.16297149658203,17.16297149658203,17.16297149658203,benchmark://mm8_16_8_16_128-v0/03214,0.0016455650329589844,0.006232261657714844,0.016657114028930664,0.005925416946411133,0.008600711822509766,0.008875608444213867,0.021737098693847656,0.0033102035522460938,0.0034515857696533203,0.011994361877441406,0.004312276840209961,0.005139589309692383
0,benchmark://mm8_16_8_16_128-v0/03241,21.20584487915039,21.20584487915039,21.20584487915039,16.604660034179688,23.891408920288086,24.540435791015625,18.172500610351562,18.172500610351562,18.172500610351562,17.669601440429688,15.279239654541016,15.279239654541016,benchmark://mm8_16_8_16_128-v0/03241,0.0018253326416015625,0.004513740539550781,0.013529062271118164,0.0048596858978271484,0.017254114151000977,0.01483917236328125,0.02185678482055664,0.006622791290283203,0.0028841495513916016,0.006631374359130859,0.005047321319580078,0.0043828487396240234
0,benchmark://mm8_16_8_16_128-v0/03412,2.89705491065979,2.7200467586517334,2.891448974609375,2.891448974609375,3.2814812660217285,2.633648633956909,2.633648633956909,3.058441638946533,2.7238056659698486,2.7238056659698486,2.9883687496185303,2.9883687496185303,benchmark://mm8_16_8_16_128-v0/03412,0.0028734207153320312,0.009627342224121094,0.015437602996826172,0.005516529083251953,0.014046669006347656,0.012792587280273438,0.017344236373901367,0.005158901214599609,0.003420591354370117,0.007398366928100586,0.00478363037109375,0.005354881286621094
0,benchmark://mm8_16_8_16_128-v0/03421,20.92652702331543,20.92652702331543,15.585429191589355,21.058385848999023,21.86492156982422,15.444707870483398,21.852846145629883,22.62067985534668,13.333367347717285,18.840559005737305,18.749431610107422,10.705845832824707,benchmark://mm8_16_8_16_128-v0/03421,0.0017092227935791016,0.004660606384277344,0.01580524444580078,0.0057337284088134766,0.010024070739746094,0.009491205215454102,0.02185511589050293,0.0035619735717773438,0.0033032894134521484,0.01201009750366211,0.004468202590942383,0.004831790924072266
0,benchmark://mm8_16_8_16_128-v0/04123,7.213202476501465,7.213202476501465,7.273872375488281,7.25477409362793,17.310304641723633,15.541596412658691,15.675480842590332,18.36747169494629,19.0982666015625,19.691104888916016,19.691104888916016,19.185802459716797,benchmark://mm8_16_8_16_128-v0/04123,0.006921291351318359,0.017362117767333984,0.016037464141845703,0.005903482437133789,0.018538475036621094,0.014020681381225586,0.023121356964111328,0.010096311569213867,0.005955219268798828,0.0072367191314697266,0.0045621395111083984,0.005163431167602539
0,benchmark://mm8_16_8_16_128-v0/04132,19.35266876220703,18.14349365234375,15.74846363067627,22.553659439086914,18.23872184753418,17.910139083862305,15.281243324279785,19.669958114624023,14.79628849029541,24.11392593383789,21.79289436340332,19.228635787963867,benchmark://mm8_16_8_16_128-v0/04132,0.0017561912536621094,0.004652500152587891,0.01609635353088379,0.0050122737884521484,0.01704239845275879,0.013618230819702148,0.022829771041870117,0.0077250003814697266,0.004755258560180664,0.011389732360839844,0.004540681838989258,0.0047719478607177734
0,benchmark://mm8_16_8_16_128-v0/04213,19.121688842773438,16.591917037963867,17.6824893951416,17.917484283447266,17.917484283447266,16.851362228393555,14.47304916381836,19.273523330688477,14.357122421264648,17.380168914794922,19.27130889892578,14.717475891113281,benchmark://mm8_16_8_16_128-v0/04213,0.0017921924591064453,0.00454401969909668,0.015719175338745117,0.004902362823486328,0.017313480377197266,0.008911848068237305,0.022078990936279297,0.007081747055053711,0.003291606903076172,0.010879039764404297,0.004606723785400391,0.0048694610595703125
0,benchmark://mm8_16_8_16_128-v0/04231,7.428069591522217,7.851693630218506,7.851693630218506,6.179198265075684,18.95696258544922,27.53107452392578,26.76645851135254,26.76645851135254,21.896081924438477,18.648147583007812,22.925457000732422,22.925457000732422,benchmark://mm8_16_8_16_128-v0/04231,0.006471395492553711,0.01702737808227539,0.015712499618530273,0.005545139312744141,0.02013421058654785,0.014212846755981445,0.022103309631347656,0.009639739990234375,0.006240129470825195,0.0070874691009521484,0.004526615142822266,0.004579782485961914
0,benchmark://mm8_16_8_16_128-v0/04312,8.077448844909668,8.077448844909668,6.849554061889648,6.6465582847595215,19.62302589416504,22.176244735717773,21.012283325195312,24.061359405517578,18.962963104248047,24.034610748291016,24.034610748291016,22.261577606201172,benchmark://mm8_16_8_16_128-v0/04312,0.006705284118652344,0.01740264892578125,0.015348434448242188,0.0053708553314208984,0.018564701080322266,0.014325618743896484,0.022978782653808594,0.009675025939941406,0.006145954132080078,0.007538318634033203,0.004319906234741211,0.0051288604736328125
0,benchmark://mm8_16_8_16_128-v0/04321,6.7758917808532715,6.7758917808532715,6.037932395935059,6.037932395935059,7.641985893249512,7.869961738586426,7.869961738586426,7.369702339172363,7.855899333953857,7.855899333953857,6.6578049659729,6.701258182525635,benchmark://mm8_16_8_16_128-v0/04321,0.007173061370849609,0.017024993896484375,0.01568603515625,0.0052602291107177734,0.013341903686523438,0.010294437408447266,0.0169370174407959,0.0037660598754882812,0.00397038459777832,0.008085250854492188,0.0043179988861083984,0.005183219909667969
0,benchmark://mm8_16_8_16_128-v0/10234,23.48513412475586,24.65077018737793,20.088720321655273,21.655284881591797,21.655284881591797,21.20209312438965,24.68951416015625,18.001922607421875,21.26864242553711,22.198192596435547,19.249374389648438,19.60770606994629,benchmark://mm8_16_8_16_128-v0/10234,0.0017075538635253906,0.004522562026977539,0.016114473342895508,0.004937171936035156,0.017095327377319336,0.009116172790527344,0.02258133888244629,0.003319978713989258,0.003271818161010742,0.011215448379516602,0.004581928253173828,0.0051686763763427734
0,benchmark://mm8_16_8_16_128-v0/10243,3.994906187057495,3.994906187057495,3.994906187057495,4.4430999755859375,13.449748039245605,16.470340728759766,16.470340728759766,18.493892669677734,17.18209457397461,17.18209457397461,17.18209457397461,17.18209457397461,benchmark://mm8_16_8_16_128-v0/10243,0.0026254653930664062,0.006017923355102539,0.01412200927734375,0.00479435920715332,0.018637657165527344,0.0196688175201416,0.022495508193969727,0.0075070858001708984,0.004846334457397461,0.007287740707397461,0.00462031364440918,0.004960060119628906
0,benchmark://mm8_16_8_16_128-v0/10324,17.46062469482422,30.87066078186035,20.04484748840332,20.04484748840332,15.835330963134766,15.835330963134766,21.716617584228516,25.14525604248047,21.054685592651367,25.314470291137695,25.11333656311035,25.11333656311035,benchmark://mm8_16_8_16_128-v0/10324,0.0017383098602294922,0.004830360412597656,0.015879154205322266,0.005101919174194336,0.007114887237548828,0.01422429084777832,0.018229961395263672,0.00465083122253418,0.0031783580780029297,0.007035017013549805,0.0044403076171875,0.004700899124145508
0,benchmark://mm8_16_8_16_128-v0/10342,18.372379302978516,25.547607421875,18.667236328125,25.66343879699707,25.66343879699707,16.119291305541992,17.783552169799805,17.29395866394043,20.197160720825195,21.361907958984375,21.361907958984375,21.361907958984375,benchmark://mm8_16_8_16_128-v0/10342,0.0016872882843017578,0.004868507385253906,0.016310453414916992,0.005221366882324219,0.017089366912841797,0.008642196655273438,0.022821664810180664,0.0031538009643554688,0.0035462379455566406,0.011519670486450195,0.0044097900390625,0.00484156608581543
0,benchmark://mm8_16_8_16_128-v0/10423,21.719879150390625,25.422643661499023,13.556075096130371,22.410497665405273,18.551315307617188,14.01609992980957,15.031461715698242,15.031461715698242,13.065390586853027,16.237796783447266,16.237796783447266,17.475975036621094,benchmark://mm8_16_8_16_128-v0/10423,0.0016353130340576172,0.004937648773193359,0.01604318618774414,0.004845857620239258,0.0172119140625,0.013153314590454102,0.02301025390625,0.006889820098876953,0.00460505485534668,0.011680126190185547,0.006453752517700195,0.005309104919433594
0,benchmark://mm8_16_8_16_128-v0/10432,2.481060028076172,15.048288345336914,2.7528507709503174,15.251182556152344,16.58306121826172,16.975971221923828,17.408445358276367,17.408445358276367,5.854499340057373,5.854499340057373,13.139102935791016,13.139102935791016,benchmark://mm8_16_8_16_128-v0/10432,0.0033075809478759766,0.007478952407836914,0.016181468963623047,0.005047798156738281,0.019619226455688477,0.014982461929321289,0.022291183471679688,0.009801864624023438,0.004770040512084961,0.011701583862304688,0.006196260452270508,0.005415678024291992
0,benchmark://mm8_16_8_16_128-v0/12034,17.066041946411133,19.48953628540039,17.02206039428711,24.594829559326172,24.594829559326172,15.52353572845459,15.71023941040039,15.848374366760254,13.708264350891113,16.387136459350586,18.36345100402832,16.33633041381836,benchmark://mm8_16_8_16_128-v0/12034,0.0017001628875732422,0.0046443939208984375,0.01601266860961914,0.005016803741455078,0.017821550369262695,0.02286505699157715,0.02138686180114746,0.006880521774291992,0.0035562515258789062,0.012084245681762695,0.004704713821411133,0.004812955856323242
0,benchmark://mm8_16_8_16_128-v0/12043,3.7927193641662598,4.4971513748168945,3.559976577758789,3.559976577758789,3.579603672027588,4.300906181335449,18.401315689086914,14.981315612792969,15.242425918579102,15.242425918579102,16.55452537536621,16.398605346679688,benchmark://mm8_16_8_16_128-v0/12043,0.0026273727416992188,0.006112813949584961,0.017282962799072266,0.005439043045043945,0.011374711990356445,0.015562057495117188,0.02335953712463379,0.005965471267700195,0.009980201721191406,0.011935234069824219,0.005900382995605469,0.00632929801940918
0,benchmark://mm8_16_8_16_128-v0/12304,16.2618465423584,16.2618465423584,16.2618465423584,17.44639015197754,17.87038230895996,24.129602432250977,22.854751586914062,22.355552673339844,15.596266746520996,25.08660125732422,25.08660125732422,20.695953369140625,benchmark://mm8_16_8_16_128-v0/12304,0.0017538070678710938,0.0047130584716796875,0.014420747756958008,0.005215167999267578,0.018064498901367188,0.01444244384765625,0.02263045310974121,0.006526947021484375,0.004866361618041992,0.01122736930847168,0.0060765743255615234,0.004825115203857422
0,benchmark://mm8_16_8_16_128-v0/12340,16.902021408081055,18.093090057373047,14.41584300994873,19.08392906188965,19.08392906188965,15.528133392333984,18.482158660888672,29.634185791015625,15.466178894042969,22.356624603271484,22.356624603271484,22.356624603271484,benchmark://mm8_16_8_16_128-v0/12340,0.0018460750579833984,0.004632472991943359,0.016695261001586914,0.005034685134887695,0.017482280731201172,0.008793830871582031,0.02177906036376953,0.006941080093383789,0.008852243423461914,0.011623382568359375,0.004369020462036133,0.005162715911865234
0,benchmark://mm8_16_8_16_128-v0/12403,19.9918212890625,23.72760009765625,21.405406951904297,23.800981521606445,31.181171417236328,26.16876792907715,19.717395782470703,23.21527671813965,21.773775100708008,25.965295791625977,25.965295791625977,25.965295791625977,benchmark://mm8_16_8_16_128-v0/12403,0.0017063617706298828,0.004507780075073242,0.01635289192199707,0.004807233810424805,0.016968250274658203,0.013642549514770508,0.022218704223632812,0.00713801383972168,0.007451057434082031,0.011602640151977539,0.004580259323120117,0.005117893218994141
0,benchmark://mm8_16_8_16_128-v0/12430,17.3372802734375,17.3372802734375,17.3372802734375,22.809511184692383,22.809511184692383,21.009441375732422,30.557811737060547,30.564491271972656,25.524131774902344,26.903465270996094,26.903465270996094,26.903465270996094,benchmark://mm8_16_8_16_128-v0/12430,0.0017893314361572266,0.004708290100097656,0.013883590698242188,0.004952669143676758,0.017290830612182617,0.009981155395507812,0.021912813186645508,0.0035486221313476562,0.0034170150756835938,0.011488676071166992,0.0041697025299072266,0.0046234130859375
0,benchmark://mm8_16_8_16_128-v0/13024,22.25531768798828,32.48804473876953,22.560089111328125,21.095561981201172,21.095561981201172,23.53824806213379,28.348703384399414,30.232704162597656,20.171905517578125,31.099096298217773,31.099096298217773,31.099096298217773,benchmark://mm8_16_8_16_128-v0/13024,0.0017464160919189453,0.0047969818115234375,0.016556978225708008,0.0055239200592041016,0.018123388290405273,0.008763313293457031,0.02248668670654297,0.0033600330352783203,0.003631114959716797,0.011961698532104492,0.004759788513183594,0.004733562469482422
0,benchmark://mm8_16_8_16_128-v0/13042,25.5249080657959,25.0280704498291,21.77106285095215,21.692245483398438,21.692245483398438,20.63628387451172,20.65081214904785,26.398529052734375,16.5550479888916,26.359872817993164,26.359872817993164,26.359872817993164,benchmark://mm8_16_8_16_128-v0/13042,0.001600027084350586,0.004472494125366211,0.01658916473388672,0.005249500274658203,0.01766347885131836,0.008558511734008789,0.021427392959594727,0.0072329044342041016,0.008498907089233398,0.011507272720336914,0.004799604415893555,0.0047495365142822266
0,benchmark://mm8_16_8_16_128-v0/13204,19.088878631591797,23.269371032714844,18.24125862121582,21.001447677612305,21.001447677612305,20.65681266784668,20.674020767211914,23.083295822143555,20.6669921875,21.686861038208008,21.686861038208008,21.686861038208008,benchmark://mm8_16_8_16_128-v0/13204,0.0017311573028564453,0.004312992095947266,0.01582932472229004,0.0048961639404296875,0.017359256744384766,0.00907278060913086,0.02146124839782715,0.006917238235473633,0.00846099853515625,0.011187076568603516,0.0043866634368896484,0.005037546157836914
0,benchmark://mm8_16_8_16_128-v0/13240,25.032251358032227,29.082679748535156,15.266170501708984,15.978483200073242,15.978483200073242,20.78435707092285,24.623130798339844,24.06481170654297,17.862545013427734,23.22620391845703,16.76132583618164,22.527252197265625,benchmark://mm8_16_8_16_128-v0/13240,0.0015902519226074219,0.0043010711669921875,0.015709400177001953,0.005161762237548828,0.017363786697387695,0.008391380310058594,0.021193504333496094,0.0032792091369628906,0.003335237503051758,0.011386632919311523,0.0045778751373291016,0.0050351619720458984
0,benchmark://mm8_16_8_16_128-v0/13402,2.24338960647583,2.8374361991882324,2.6686551570892334,2.6686551570892334,16.187911987304688,16.187911987304688,16.187911987304688,16.187911987304688,18.985279083251953,18.985279083251953,19.455183029174805,19.455183029174805,benchmark://mm8_16_8_16_128-v0/13402,0.0034584999084472656,0.007280826568603516,0.015594720840454102,0.004664897918701172,0.018377065658569336,0.010633468627929688,0.02038264274597168,0.004235506057739258,0.002887248992919922,0.012088298797607422,0.0055162906646728516,0.006476640701293945
0,benchmark://mm8_16_8_16_128-v0/13420,19.38218116760254,19.38218116760254,19.38218116760254,20.79280662536621,20.79280662536621,20.564950942993164,14.002296447753906,15.661198616027832,16.007389068603516,14.13661003112793,17.251352310180664,17.275867462158203,benchmark://mm8_16_8_16_128-v0/13420,0.0016825199127197266,0.0045125484466552734,0.01363682746887207,0.004858493804931641,0.01819753646850586,0.010590076446533203,0.02214837074279785,0.006985902786254883,0.003483295440673828,0.011823892593383789,0.004709720611572266,0.004979610443115234
0,benchmark://mm8_16_8_16_128-v0/14023,19.10017967224121,24.09259605407715,23.64786720275879,20.371774673461914,20.371774673461914,20.6584415435791,17.826709747314453,25.795862197875977,21.645116806030273,28.702945709228516,28.702945709228516,28.702945709228516,benchmark://mm8_16_8_16_128-v0/14023,0.001802682876586914,0.004789113998413086,0.016588687896728516,0.005145072937011719,0.017464637756347656,0.008710861206054688,0.021437883377075195,0.007177829742431641,0.009017705917358398,0.011270999908447266,0.004782915115356445,0.0052700042724609375
0,benchmark://mm8_16_8_16_128-v0/14032,25.312026977539062,27.022369384765625,22.96650505065918,21.144908905029297,18.470111846923828,29.507429122924805,24.54258918762207,24.54258918762207,14.245891571044922,29.373933792114258,29.373933792114258,30.603740692138672,benchmark://mm8_16_8_16_128-v0/14032,0.0015838146209716797,0.004667520523071289,0.01664876937866211,0.005259513854980469,0.017077922821044922,0.013022661209106445,0.021657466888427734,0.006536722183227539,0.0048673152923583984,0.011473894119262695,0.006678342819213867,0.004995584487915039
0,benchmark://mm8_16_8_16_128-v0/14203,22.271743774414062,29.674230575561523,22.957956314086914,21.74386215209961,24.557390213012695,23.548423767089844,21.29218101501465,21.29218101501465,15.280909538269043,22.46222496032715,22.46222496032715,27.064041137695312,benchmark://mm8_16_8_16_128-v0/14203,0.0017571449279785156,0.004673957824707031,0.016292810440063477,0.005011081695556641,0.017330169677734375,0.013289213180541992,0.021899938583374023,0.006539344787597656,0.004491329193115234,0.011617183685302734,0.0061533451080322266,0.004765033721923828
0,benchmark://mm8_16_8_16_128-v0/14230,19.105661392211914,30.305007934570312,19.735578536987305,32.82107925415039,30.399675369262695,27.625001907348633,22.966630935668945,32.88206100463867,24.230106353759766,31.190214157104492,31.190214157104492,31.190214157104492,benchmark://mm8_16_8_16_128-v0/14230,0.0016942024230957031,0.004503011703491211,0.01622605323791504,0.004992246627807617,0.017321348190307617,0.013032674789428711,0.02239370346069336,0.0071010589599609375,0.007397890090942383,0.01162409782409668,0.0045168399810791016,0.005048036575317383
0,benchmark://mm8_16_8_16_128-v0/14302,21.821693420410156,27.188953399658203,24.050872802734375,30.379638671875,30.379638671875,24.1658878326416,24.135990142822266,23.768205642700195,23.44234275817871,32.99406051635742,32.99406051635742,32.99406051635742,benchmark://mm8_16_8_16_128-v0/14302,0.0016922950744628906,0.004778385162353516,0.016878604888916016,0.004975080490112305,0.017468690872192383,0.00868844985961914,0.022025108337402344,0.007389068603515625,0.008571624755859375,0.011667966842651367,0.00452113151550293,0.00514531135559082
0,benchmark://mm8_16_8_16_128-v0/14320,17.02530860900879,29.04401206970215,27.637561798095703,27.637561798095703,22.2359676361084,16.067298889160156,28.01787567138672,20.06085777282715,13.762736320495605,28.854793548583984,28.854793548583984,28.854793548583984,benchmark://mm8_16_8_16_128-v0/14320,0.0017931461334228516,0.0044536590576171875,0.01809382438659668,0.0054492950439453125,0.011962413787841797,0.011332273483276367,0.021985769271850586,0.003303050994873047,0.0034813880920410156,0.011630535125732422,0.00428009033203125,0.004825592041015625
0,benchmark://mm8_16_8_16_128-v0/20134,25.323183059692383,25.323183059692383,25.323183059692383,19.141408920288086,19.141408920288086,24.161989212036133,25.412322998046875,29.812381744384766,21.136171340942383,30.248838424682617,33.06689453125,31.231088638305664,benchmark://mm8_16_8_16_128-v0/20134,0.0017123222351074219,0.0044062137603759766,0.014203071594238281,0.005144596099853516,0.017212867736816406,0.010255098342895508,0.02152109146118164,0.007092952728271484,0.003568410873413086,0.01125335693359375,0.0043256282806396484,0.004628181457519531
0,benchmark://mm8_16_8_16_128-v0/20143,4.366292476654053,4.366292476654053,4.366292476654053,4.366292476654053,3.5254783630371094,4.50796365737915,18.87642478942871,18.87642478942871,19.593416213989258,22.600082397460938,22.600082397460938,22.600082397460938,benchmark://mm8_16_8_16_128-v0/20143,0.0022737979888916016,0.005540132522583008,0.013798952102661133,0.004637718200683594,0.010648727416992188,0.016048431396484375,0.022172212600708008,0.005703926086425781,0.011132001876831055,0.011272907257080078,0.005958080291748047,0.005125522613525391
0,benchmark://mm8_16_8_16_128-v0/20314,15.870081901550293,15.870081901550293,15.870081901550293,25.3349609375,25.3349609375,15.676359176635742,16.288558959960938,14.68424129486084,14.68424129486084,17.49770164489746,17.633275985717773,17.633275985717773,benchmark://mm8_16_8_16_128-v0/20314,0.0017354488372802734,0.004839181900024414,0.014492988586425781,0.0053446292877197266,0.009942054748535156,0.01495051383972168,0.021836280822753906,0.003534078598022461,0.006499528884887695,0.006852388381958008,0.004911184310913086,0.004361867904663086
0,benchmark://mm8_16_8_16_128-v0/20341,19.938316345214844,20.121583938598633,24.082496643066406,23.21283531188965,23.21283531188965,20.056732177734375,25.50628089904785,31.48853302001953,25.36176872253418,31.49042320251465,23.381967544555664,28.06511878967285,benchmark://mm8_16_8_16_128-v0/20341,0.001718282699584961,0.004906654357910156,0.01571369171142578,0.005019426345825195,0.01752638816833496,0.009508132934570312,0.026097536087036133,0.0070536136627197266,0.003368377685546875,0.011530637741088867,0.004396200180053711,0.004907846450805664
0,benchmark://mm8_16_8_16_128-v0/20413,17.377073287963867,17.377073287963867,17.377073287963867,15.42868709564209,15.914159774780273,15.914159774780273,17.52533721923828,17.409168243408203,17.409168243408203,14.381884574890137,14.03260612487793,14.03260612487793,benchmark://mm8_16_8_16_128-v0/20413,0.0017955303192138672,0.004507541656494141,0.013930797576904297,0.004868745803833008,0.01776909828186035,0.013090372085571289,0.016278982162475586,0.005819797515869141,0.005344867706298828,0.006747245788574219,0.005166530609130859,0.004777431488037109
0,benchmark://mm8_16_8_16_128-v0/20431,26.044944763183594,17.15089988708496,23.607404708862305,19.890850067138672,24.072546005249023,14.198871612548828,22.262168884277344,23.45807647705078,20.031349182128906,21.736650466918945,20.964391708374023,19.7766170501709,benchmark://mm8_16_8_16_128-v0/20431,0.0015535354614257812,0.00615692138671875,0.013908147811889648,0.005277395248413086,0.008596181869506836,0.010501623153686523,0.022917985916137695,0.0033364295959472656,0.003430604934692383,0.011158227920532227,0.004367828369140625,0.005289793014526367
0,benchmark://mm8_16_8_16_128-v0/21034,22.229839324951172,22.893047332763672,16.54851531982422,19.366519927978516,18.8886661529541,15.66529369354248,15.681633949279785,25.645078659057617,20.06421661376953,15.538314819335938,20.809310913085938,15.776897430419922,benchmark://mm8_16_8_16_128-v0/21034,0.0017538070678710938,0.006486654281616211,0.014063596725463867,0.005339145660400391,0.008360862731933594,0.009901285171508789,0.021953105926513672,0.0032591819763183594,0.0033540725708007812,0.011240243911743164,0.0044825077056884766,0.005121707916259766
0,benchmark://mm8_16_8_16_128-v0/21043,4.414262294769287,4.285157680511475,3.9899659156799316,4.507551670074463,4.902963638305664,12.573267936706543,4.815548419952393,15.972094535827637,15.972094535827637,18.625953674316406,18.625953674316406,18.625953674316406,benchmark://mm8_16_8_16_128-v0/21043,0.0023386478424072266,0.008002996444702148,0.016033649444580078,0.005902767181396484,0.01174616813659668,0.015588998794555664,0.022333621978759766,0.005455732345581055,0.0048618316650390625,0.011533021926879883,0.004461050033569336,0.005914449691772461
0,benchmark://mm8_16_8_16_128-v0/21304,22.976192474365234,22.976192474365234,22.976192474365234,28.0454158782959,30.796314239501953,24.349105834960938,23.50276756286621,23.132946014404297,21.731470108032227,28.98240089416504,23.51225471496582,25.782543182373047,benchmark://mm8_16_8_16_128-v0/21304,0.0017414093017578125,0.004976511001586914,0.014526844024658203,0.005324602127075195,0.01877617835998535,0.015205144882202148,0.022853612899780273,0.007177829742431641,0.004873037338256836,0.012147903442382812,0.004436016082763672,0.004645109176635742
0,benchmark://mm8_16_8_16_128-v0/21340,27.732769012451172,27.804283142089844,22.077608108520508,18.774356842041016,24.374576568603516,24.374576568603516,17.23469352722168,18.797832489013672,13.445523262023926,16.390850067138672,16.691089630126953,16.20191764831543,benchmark://mm8_16_8_16_128-v0/21340,0.001664876937866211,0.006080150604248047,0.015033483505249023,0.0054035186767578125,0.008451461791992188,0.013427734375,0.017158031463623047,0.0034019947052001953,0.004557371139526367,0.011524677276611328,0.004687309265136719,0.005311727523803711
0,benchmark://mm8_16_8_16_128-v0/21403,17.750137329101562,28.661951065063477,28.695484161376953,29.55608558654785,25.03314781188965,15.120002746582031,19.5883846282959,20.80229377746582,19.799209594726562,23.681781768798828,20.170352935791016,22.635208129882812,benchmark://mm8_16_8_16_128-v0/21403,0.0017247200012207031,0.0061609745025634766,0.014113664627075195,0.005262136459350586,0.008715391159057617,0.01052093505859375,0.02237534523010254,0.0032312870025634766,0.003367185592651367,0.01148676872253418,0.00429987907409668,0.005235433578491211
0,benchmark://mm8_16_8_16_128-v0/21430,18.07780647277832,18.07780647277832,18.07780647277832,16.122947692871094,30.489171981811523,26.17089080810547,20.084199905395508,20.084199905395508,20.084199905395508,17.81883430480957,14.636382102966309,14.636382102966309,benchmark://mm8_16_8_16_128-v0/21430,0.0016324520111083984,0.004595279693603516,0.013845205307006836,0.004695892333984375,0.01689887046813965,0.015474796295166016,0.02230525016784668,0.0068645477294921875,0.0028641223907470703,0.0065212249755859375,0.005236387252807617,0.004334211349487305
0,benchmark://mm8_16_8_16_128-v0/23014,11.531049728393555,19.879348754882812,13.908088684082031,13.908088684082031,16.495214462280273,15.267448425292969,15.333420753479004,25.228897094726562,15.378565788269043,16.165699005126953,16.165699005126953,32.2180290222168,benchmark://mm8_16_8_16_128-v0/23014,0.0018498897552490234,0.005231380462646484,0.016102313995361328,0.005108833312988281,0.007200717926025391,0.013814687728881836,0.0224759578704834,0.00481414794921875,0.003416776657104492,0.011619806289672852,0.004141569137573242,0.005282163619995117
0,benchmark://mm8_16_8_16_128-v0/23041,18.739212036132812,18.739212036132812,18.739212036132812,17.75847816467285,22.669830322265625,22.669830322265625,13.62764835357666,17.6939754486084,14.692728996276855,31.13880729675293,31.13880729675293,31.13880729675293,benchmark://mm8_16_8_16_128-v0/23041,0.0016522407531738281,0.004727840423583984,0.014764785766601562,0.004911184310913086,0.009544849395751953,0.012603759765625,0.0175321102142334,0.0036325454711914062,0.004661083221435547,0.011417865753173828,0.0045583248138427734,0.0047605037689208984
0,benchmark://mm8_16_8_16_128-v0/23104,16.142244338989258,25.760690689086914,12.604402542114258,18.975574493408203,16.605186462402344,16.605186462402344,32.09598922729492,23.84495735168457,17.029386520385742,17.811115264892578,20.69319725036621,20.325376510620117,benchmark://mm8_16_8_16_128-v0/23104,0.001791238784790039,0.006381988525390625,0.01452326774597168,0.005413055419921875,0.007967472076416016,0.012922525405883789,0.017252206802368164,0.0035314559936523438,0.004518032073974609,0.011332035064697266,0.004290342330932617,0.004871845245361328
0,benchmark://mm8_16_8_16_128-v0/23140,19.329925537109375,23.437889099121094,16.63541603088379,14.666885375976562,14.666885375976562,14.860349655151367,15.719247817993164,16.225046157836914,12.791138648986816,17.690393447875977,17.690393447875977,17.690393447875977,benchmark://mm8_16_8_16_128-v0/23140,0.001935720443725586,0.004719972610473633,0.016222000122070312,0.005162715911865234,0.01696634292602539,0.00863194465637207,0.02123737335205078,0.0070307254791259766,0.008516073226928711,0.011434078216552734,0.007609128952026367,0.005255699157714844
0,benchmark://mm8_16_8_16_128-v0/23401,17.27423095703125,20.528112411499023,16.429115295410156,14.382475852966309,29.10124397277832,25.034194946289062,16.10443687438965,19.321556091308594,15.996949195861816,13.49397087097168,30.64376449584961,26.9697208404541,benchmark://mm8_16_8_16_128-v0/23401,0.001768350601196289,0.00460505485534668,0.016471147537231445,0.0049746036529541016,0.0164186954498291,0.013344049453735352,0.022055387496948242,0.0069887638092041016,0.004709482192993164,0.011671781539916992,0.004485368728637695,0.004676103591918945
0,benchmark://mm8_16_8_16_128-v0/23410,18.709537506103516,18.709537506103516,15.290379524230957,22.36699676513672,24.49729347229004,15.404717445373535,17.48005485534668,17.5518856048584,11.859539031982422,21.568204879760742,20.343219757080078,18.1585750579834,benchmark://mm8_16_8_16_128-v0/23410,0.0017116069793701172,0.004564046859741211,0.015631914138793945,0.005473136901855469,0.009147167205810547,0.009011268615722656,0.02157282829284668,0.0033943653106689453,0.0033676624298095703,0.011552810668945312,0.0047206878662109375,0.004795074462890625
0,benchmark://mm8_16_8_16_128-v0/24013,17.15005874633789,16.823177337646484,16.823177337646484,22.246936798095703,22.44635772705078,24.777023315429688,22.048593521118164,22.048593521118164,14.253589630126953,24.89659309387207,24.89659309387207,23.374279022216797,benchmark://mm8_16_8_16_128-v0/24013,0.0018157958984375,0.006769418716430664,0.014560937881469727,0.005404949188232422,0.01593494415283203,0.014327049255371094,0.02299189567565918,0.0066945552825927734,0.004733562469482422,0.011185407638549805,0.006384372711181641,0.00507354736328125
0,benchmark://mm8_16_8_16_128-v0/24031,4.550188064575195,6.1774420738220215,4.452367782592773,6.282039165496826,20.047338485717773,20.047338485717773,20.047338485717773,31.327661514282227,29.122055053710938,19.128925323486328,19.128925323486328,19.128925323486328,benchmark://mm8_16_8_16_128-v0/24031,0.0028603076934814453,0.009191036224365234,0.018494129180908203,0.005564451217651367,0.02112102508544922,0.011566162109375,0.02237844467163086,0.004883527755737305,0.0077152252197265625,0.007309675216674805,0.0055925846099853516,0.006455659866333008
0,benchmark://mm8_16_8_16_128-v0/24103,17.344736099243164,17.344736099243164,17.344736099243164,33.01587677001953,16.82668685913086,16.82668685913086,20.746318817138672,15.755976676940918,15.755976676940918,23.736328125,20.919326782226562,20.919326782226562,benchmark://mm8_16_8_16_128-v0/24103,0.0017600059509277344,0.004479169845581055,0.013899803161621094,0.005089998245239258,0.016669034957885742,0.01286172866821289,0.017071962356567383,0.005781412124633789,0.0056056976318359375,0.006705284118652344,0.005040645599365234,0.004176616668701172
0,benchmark://mm8_16_8_16_128-v0/24130,24.020570755004883,30.59391975402832,30.336570739746094,25.09500503540039,21.5240421295166,22.082141876220703,26.336700439453125,21.458850860595703,20.33670997619629,26.395706176757812,24.797237396240234,22.060073852539062,benchmark://mm8_16_8_16_128-v0/24130,0.0018455982208251953,0.006050825119018555,0.014298200607299805,0.0050776004791259766,0.008147001266479492,0.010055065155029297,0.02163410186767578,0.0032889842987060547,0.003370046615600586,0.011685371398925781,0.004358530044555664,0.004873514175415039
0,benchmark://mm8_16_8_16_128-v0/24301,8.111079216003418,6.510720729827881,6.510720729827881,6.534415245056152,23.496185302734375,21.449193954467773,25.228744506835938,21.48930549621582,16.70465087890625,21.421369552612305,21.421369552612305,21.421369552612305,benchmark://mm8_16_8_16_128-v0/24301,0.006876230239868164,0.017812252044677734,0.014913558959960938,0.0054836273193359375,0.019847631454467773,0.014363527297973633,0.022775650024414062,0.009452581405639648,0.008541345596313477,0.011627435684204102,0.005522251129150391,0.005190849304199219
0,benchmark://mm8_16_8_16_128-v0/24310,23.381967544555664,19.259716033935547,20.369895935058594,24.378400802612305,21.942474365234375,22.18680191040039,15.023062705993652,27.772985458374023,23.727062225341797,27.932790756225586,29.405029296875,26.552278518676758,benchmark://mm8_16_8_16_128-v0/24310,0.0016999244689941406,0.004641532897949219,0.015804290771484375,0.005008220672607422,0.017360448837280273,0.013872385025024414,0.022936344146728516,0.007149219512939453,0.0046656131744384766,0.011570453643798828,0.00441431999206543,0.0049283504486083984
0,benchmark://mm8_16_8_16_128-v0/30124,30.892488479614258,25.09260368347168,14.256011962890625,21.174156188964844,22.121156692504883,22.121156692504883,24.213878631591797,19.110361099243164,13.731736183166504,21.370180130004883,24.59843635559082,17.942472457885742,benchmark://mm8_16_8_16_128-v0/30124,0.0017056465148925781,0.004771232604980469,0.016117572784423828,0.005599260330200195,0.009722709655761719,0.01323246955871582,0.018001794815063477,0.0033075809478759766,0.0032453536987304688,0.011284351348876953,0.004685163497924805,0.004853487014770508
0,benchmark://mm8_16_8_16_128-v0/30142,19.971830368041992,26.571453094482422,22.10704803466797,26.547908782958984,19.32743263244629,22.957454681396484,18.217016220092773,28.107812881469727,20.848825454711914,33.12931823730469,33.12931823730469,33.12931823730469,benchmark://mm8_16_8_16_128-v0/30142,0.0017249584197998047,0.004230499267578125,0.015445709228515625,0.0047457218170166016,0.017118215560913086,0.01422572135925293,0.023212194442749023,0.0070993900299072266,0.00702667236328125,0.01120615005493164,0.00435948371887207,0.005197763442993164
0,benchmark://mm8_16_8_16_128-v0/30214,25.695039749145508,33.08019256591797,24.38222885131836,30.447120666503906,30.447120666503906,19.048307418823242,19.038278579711914,29.196453094482422,25.560997009277344,19.66617774963379,19.66617774963379,19.66617774963379,benchmark://mm8_16_8_16_128-v0/30214,0.0017008781433105469,0.004511356353759766,0.01584029197692871,0.004878520965576172,0.017478227615356445,0.00911259651184082,0.021609783172607422,0.007029294967651367,0.011086225509643555,0.011264324188232422,0.004570484161376953,0.0052149295806884766
0,benchmark://mm8_16_8_16_128-v0/30241,29.17695426940918,31.15800666809082,16.102087020874023,27.46491241455078,19.953208923339844,19.953208923339844,19.55824089050293,18.870990753173828,14.38158893585205,18.461658477783203,16.60334587097168,13.763051986694336,benchmark://mm8_16_8_16_128-v0/30241,0.0015892982482910156,0.0048809051513671875,0.015672683715820312,0.005529880523681641,0.009476184844970703,0.013219356536865234,0.018050432205200195,0.0032935142517089844,0.0031511783599853516,0.011410236358642578,0.004445314407348633,0.004883527755737305
0,benchmark://mm8_16_8_16_128-v0/30412,2.899275779724121,2.899275779724121,2.899275779724121,2.899275779724121,18.978321075439453,18.978321075439453,18.978321075439453,23.402841567993164,23.413814544677734,21.01165199279785,22.848278045654297,22.848278045654297,benchmark://mm8_16_8_16_128-v0/30412,0.003049612045288086,0.0072138309478759766,0.013432025909423828,0.004680633544921875,0.018431901931762695,0.01117563247680664,0.02156972885131836,0.003973960876464844,0.011080741882324219,0.00718235969543457,0.005774259567260742,0.004861593246459961
0,benchmark://mm8_16_8_16_128-v0/30421,16.80201530456543,28.24104881286621,17.71116065979004,18.533199310302734,18.533199310302734,20.058746337890625,20.036420822143555,26.180038452148438,21.89505386352539,24.01947021484375,24.01947021484375,24.01947021484375,benchmark://mm8_16_8_16_128-v0/30421,0.0016977787017822266,0.004582405090332031,0.015722274780273438,0.004846334457397461,0.01768779754638672,0.008941650390625,0.022119760513305664,0.006868124008178711,0.008337736129760742,0.011059045791625977,0.00434112548828125,0.005355358123779297
0,benchmark://mm8_16_8_16_128-v0/31024,18.79176902770996,18.79176902770996,18.79176902770996,19.0964412689209,18.827787399291992,18.92932891845703,20.294397354125977,20.2663516998291,18.131729125976562,17.319381713867188,17.077089309692383,18.927536010742188,benchmark://mm8_16_8_16_128-v0/31024,0.0018110275268554688,0.004904270172119141,0.013663291931152344,0.005023479461669922,0.01747298240661621,0.014389991760253906,0.021923542022705078,0.007079124450683594,0.004410266876220703,0.011049032211303711,0.004633903503417969,0.00498199462890625
0,benchmark://mm8_16_8_16_128-v0/31042,22.793148040771484,21.63540267944336,12.142796516418457,19.98534393310547,22.318912506103516,22.318912506103516,20.41997718811035,19.85187339782715,16.460580825805664,15.027046203613281,22.980724334716797,21.356904983520508,benchmark://mm8_16_8_16_128-v0/31042,0.001672506332397461,0.00490570068359375,0.015504121780395508,0.005364418029785156,0.009571313858032227,0.013115882873535156,0.01720881462097168,0.003303050994873047,0.0031511783599853516,0.010999441146850586,0.004350185394287109,0.004717826843261719
0,benchmark://mm8_16_8_16_128-v0/31204,18.977033615112305,18.977033615112305,13.286779403686523,15.903298377990723,23.901756286621094,23.901756286621094,22.33353042602539,15.88962173461914,12.614258766174316,15.056499481201172,15.056499481201172,15.056499481201172,benchmark://mm8_16_8_16_128-v0/31204,0.0017879009246826172,0.005998134613037109,0.015607357025146484,0.005305767059326172,0.00818634033203125,0.012809514999389648,0.017827749252319336,0.0032873153686523438,0.003294706344604492,0.011078834533691406,0.004359245300292969,0.004999637603759766
0,benchmark://mm8_16_8_16_128-v0/31240,21.95442008972168,24.230945587158203,19.11846351623535,21.816585540771484,21.816585540771484,14.8515625,12.4740629196167,23.32903480529785,21.93581771850586,21.363758087158203,26.582231521606445,19.950361251831055,benchmark://mm8_16_8_16_128-v0/31240,0.0017521381378173828,0.004583835601806641,0.016695499420166016,0.005218505859375,0.017958402633666992,0.009188175201416016,0.022874116897583008,0.007525444030761719,0.0034384727478027344,0.011423110961914062,0.00427556037902832,0.004919528961181641
0,benchmark://mm8_16_8_16_128-v0/31402,7.292729377746582,19.469633102416992,17.36980438232422,19.49759864807129,19.49759864807129,9.889660835266113,9.889660835266113,12.236568450927734,12.236568450927734,2.5861711502075195,17.6519775390625,11.418136596679688,benchmark://mm8_16_8_16_128-v0/31402,0.002119302749633789,0.008295536041259766,0.016015291213989258,0.005565643310546875,0.021472692489624023,0.011697769165039062,0.021834135055541992,0.009268999099731445,0.0064890384674072266,0.007321357727050781,0.010563373565673828,0.006489753723144531
0,benchmark://mm8_16_8_16_128-v0/31420,20.756996154785156,25.000471115112305,14.212632179260254,19.951595306396484,18.93103790283203,18.93103790283203,13.605324745178223,14.82353401184082,13.010838508605957,12.615852355957031,14.1919527053833,15.120112419128418,benchmark://mm8_16_8_16_128-v0/31420,0.0018336772918701172,0.00476527214050293,0.015642881393432617,0.005411624908447266,0.009794950485229492,0.013491153717041016,0.017047405242919922,0.003307819366455078,0.0033164024353027344,0.011247634887695312,0.0045244693756103516,0.004919290542602539
0,benchmark://mm8_16_8_16_128-v0/32014,15.104049682617188,21.679798126220703,14.077018737792969,22.63105583190918,13.412201881408691,13.752177238464355,15.11134147644043,15.972216606140137,13.373030662536621,13.440051078796387,15.084006309509277,15.981284141540527,benchmark://mm8_16_8_16_128-v0/32014,0.0017931461334228516,0.004610776901245117,0.01587986946105957,0.005367279052734375,0.009772539138793945,0.009199857711791992,0.021666288375854492,0.003185749053955078,0.003427267074584961,0.011194705963134766,0.004389047622680664,0.004762887954711914
0,benchmark://mm8_16_8_16_128-v0/32041,14.839214324951172,14.839214324951172,14.839214324951172,17.714452743530273,14.349066734313965,14.586803436279297,17.193082809448242,17.193082809448242,17.193082809448242,25.038677215576172,20.123998641967773,20.123998641967773,benchmark://mm8_16_8_16_128-v0/32041,0.0018281936645507812,0.004378557205200195,0.013595819473266602,0.004853248596191406,0.016893625259399414,0.014907360076904297,0.022609233856201172,0.006906032562255859,0.0027751922607421875,0.00655055046081543,0.005176544189453125,0.004218578338623047
0,benchmark://mm8_16_8_16_128-v0/32104,11.0791597366333,13.76734447479248,12.135348320007324,12.135348320007324,16.007572174072266,12.966232299804688,14.764361381530762,15.087044715881348,9.924504280090332,14.670065879821777,15.973189353942871,14.656635284423828,benchmark://mm8_16_8_16_128-v0/32104,0.0022325515747070312,0.005027055740356445,0.01600170135498047,0.004884481430053711,0.014513969421386719,0.015150785446166992,0.02230215072631836,0.003392457962036133,0.0033893585205078125,0.011476278305053711,0.004508256912231445,0.004793882369995117
0,benchmark://mm8_16_8_16_128-v0/32140,13.572042465209961,13.572042465209961,15.800374031066895,16.825740814208984,25.15988540649414,21.925613403320312,19.523555755615234,18.155351638793945,15.322050094604492,18.779569625854492,18.779569625854492,18.779569625854492,benchmark://mm8_16_8_16_128-v0/32140,0.0019652843475341797,0.006055116653442383,0.015556812286376953,0.005554676055908203,0.008246660232543945,0.00898122787475586,0.021893978118896484,0.00678563117980957,0.00873565673828125,0.011202573776245117,0.004568338394165039,0.00527191162109375
0,benchmark://mm8_16_8_16_128-v0/32401,12.952098846435547,16.280529022216797,13.71741008758545,18.121702194213867,19.064411163330078,19.064411163330078,15.852927207946777,17.58374786376953,16.459095001220703,16.367568969726562,19.394458770751953,13.84304428100586,benchmark://mm8_16_8_16_128-v0/32401,0.001871347427368164,0.005349397659301758,0.01542210578918457,0.005466461181640625,0.009169340133666992,0.012911319732666016,0.017855405807495117,0.0034813880920410156,0.0033142566680908203,0.011324167251586914,0.004395246505737305,0.004591464996337891
0,benchmark://mm8_16_8_16_128-v0/32410,11.945942878723145,11.945942878723145,11.945942878723145,20.66750144958496,20.66750144958496,18.899391174316406,16.87285041809082,19.42679786682129,18.83243751525879,19.482112884521484,17.820119857788086,19.517559051513672,benchmark://mm8_16_8_16_128-v0/32410,0.0018301010131835938,0.004466533660888672,0.014287233352661133,0.004873514175415039,0.016726970672607422,0.009968042373657227,0.021661043167114258,0.006991386413574219,0.0037517547607421875,0.010453462600708008,0.00430750846862793,0.004548072814941406
0,benchmark://mm8_16_8_16_128-v0/34012,13.67126750946045,13.542025566101074,14.661399841308594,15.370957374572754,15.370957374572754,11.209980964660645,11.701224327087402,18.2576961517334,16.03927993774414,16.783727645874023,16.759517669677734,15.473424911499023,benchmark://mm8_16_8_16_128-v0/34012,0.0019369125366210938,0.004851341247558594,0.015579700469970703,0.004836320877075195,0.0166623592376709,0.00883793830871582,0.021865129470825195,0.007193803787231445,0.0033066272735595703,0.011293411254882812,0.0043239593505859375,0.004816532135009766
0,benchmark://mm8_16_8_16_128-v0/34021,7.8878703117370605,7.8878703117370605,6.930923938751221,6.30615234375,21.261743545532227,24.293258666992188,20.858156204223633,16.51573944091797,17.818607330322266,20.05280113220215,20.05280113220215,20.05280113220215,benchmark://mm8_16_8_16_128-v0/34021,0.007142066955566406,0.01670980453491211,0.015718698501586914,0.0052835941314697266,0.018845319747924805,0.014596223831176758,0.02205491065979004,0.009373903274536133,0.00861978530883789,0.011749744415283203,0.0055387020111083984,0.005042076110839844
0,benchmark://mm8_16_8_16_128-v0/34102,25.560997009277344,25.560997009277344,14.703545570373535,22.62373161315918,27.25839614868164,27.25839614868164,26.01634979248047,29.494564056396484,15.768475532531738,21.6448917388916,21.6448917388916,21.6448917388916,benchmark://mm8_16_8_16_128-v0/34102,0.0016584396362304688,0.006411314010620117,0.015724897384643555,0.0054967403411865234,0.008416175842285156,0.013112545013427734,0.017373323440551758,0.0032312870025634766,0.003405332565307617,0.011511802673339844,0.004568815231323242,0.005034208297729492
0,benchmark://mm8_16_8_16_128-v0/34120,17.853267669677734,17.943315505981445,17.221601486206055,19.500137329101562,19.500137329101562,13.397507667541504,19.09209442138672,15.084494590759277,17.34954261779785,16.34766387939453,16.34766387939453,16.34766387939453,benchmark://mm8_16_8_16_128-v0/34120,0.001636505126953125,0.004432201385498047,0.015635251998901367,0.0050525665283203125,0.017826318740844727,0.008703231811523438,0.0218658447265625,0.006893634796142578,0.008492469787597656,0.011214017868041992,0.0045430660247802734,0.004953622817993164
0,benchmark://mm8_16_8_16_128-v0/34201,0.7169039845466614,0.7218140363693237,0.7218140363693237,0.7589856386184692,0.7307720184326172,2.8331143856048584,3.1943411827087402,6.97615909576416,3.6257596015930176,3.6257596015930176,3.4679577350616455,3.2777576446533203,benchmark://mm8_16_8_16_128-v0/34201,0.00725555419921875,0.015651702880859375,0.014577388763427734,0.0050618648529052734,0.015203237533569336,0.013185739517211914,0.017721176147460938,0.023164033889770508,0.009933948516845703,0.011445760726928711,0.009119749069213867,0.007852554321289062
0,benchmark://mm8_16_8_16_128-v0/34210,18.566835403442383,18.566835403442383,14.668937683105469,22.87993621826172,24.717012405395508,15.345650672912598,16.697601318359375,22.873321533203125,17.09058952331543,19.715633392333984,19.715633392333984,19.715633392333984,benchmark://mm8_16_8_16_128-v0/34210,0.001753091812133789,0.006206989288330078,0.015253543853759766,0.005248308181762695,0.008914470672607422,0.00887155532836914,0.02122664451599121,0.003208160400390625,0.0033829212188720703,0.011269092559814453,0.0044476985931396484,0.005526542663574219
0,benchmark://mm8_16_8_16_128-v0/40123,17.94623374938965,24.319175720214844,16.46419906616211,20.077085494995117,20.077085494995117,20.474401473999023,13.486811637878418,19.093223571777344,17.557985305786133,15.324737548828125,15.324737548828125,15.324737548828125,benchmark://mm8_16_8_16_128-v0/40123,0.0017600059509277344,0.004708528518676758,0.016137123107910156,0.004842281341552734,0.017793655395507812,0.00890803337097168,0.02160358428955078,0.007063627243041992,0.008596181869506836,0.01085352897644043,0.004522085189819336,0.005282878875732422
0,benchmark://mm8_16_8_16_128-v0/40132,7.22623872756958,6.281785011291504,6.281785011291504,6.164612770080566,21.74442481994629,21.886598587036133,25.18073081970215,20.86365509033203,14.31136703491211,15.43044662475586,13.774894714355469,13.774894714355469,benchmark://mm8_16_8_16_128-v0/40132,0.00417327880859375,0.011845588684082031,0.015372276306152344,0.005165576934814453,0.018286705017089844,0.012714862823486328,0.021963119506835938,0.009613752365112305,0.006195068359375,0.011333942413330078,0.007750511169433594,0.004872798919677734
0,benchmark://mm8_16_8_16_128-v0/40213,7.283016681671143,7.033127307891846,7.033127307891846,6.23736572265625,14.535745620727539,17.948307037353516,13.47857666015625,13.47857666015625,12.704429626464844,15.162199020385742,15.162199020385742,15.162199020385742,benchmark://mm8_16_8_16_128-v0/40213,0.004060268402099609,0.011690855026245117,0.015766143798828125,0.005018472671508789,0.017037153244018555,0.012617826461791992,0.02190256118774414,0.009918689727783203,0.005933284759521484,0.011360883712768555,0.007603645324707031,0.004884243011474609
0,benchmark://mm8_16_8_16_128-v0/40231,15.701476097106934,15.701476097106934,15.701476097106934,18.37028694152832,15.510733604431152,15.510733604431152,13.06856632232666,12.503477096557617,12.503477096557617,16.022920608520508,14.594264030456543,14.594264030456543,benchmark://mm8_16_8_16_128-v0/40231,0.0017163753509521484,0.004645586013793945,0.013886213302612305,0.005690574645996094,0.017105817794799805,0.012218236923217773,0.016047954559326172,0.005882740020751953,0.0051727294921875,0.006617546081542969,0.004911661148071289,0.004256248474121094
0,benchmark://mm8_16_8_16_128-v0/40312,17.077714920043945,15.718070030212402,22.212533950805664,25.33633804321289,25.33633804321289,19.317462921142578,16.993026733398438,25.339859008789062,20.450542449951172,18.480121612548828,23.245384216308594,21.581632614135742,benchmark://mm8_16_8_16_128-v0/40312,0.001730203628540039,0.004763603210449219,0.016811132431030273,0.004894733428955078,0.017106294631958008,0.008772611618041992,0.020972490310668945,0.007044076919555664,0.003398418426513672,0.011136054992675781,0.004700660705566406,0.004857778549194336
0,benchmark://mm8_16_8_16_128-v0/40321,17.87624740600586,17.87624740600586,19.47342872619629,19.47342872619629,18.379060745239258,23.71109962463379,25.622520446777344,25.622520446777344,25.62408447265625,30.728403091430664,27.230966567993164,27.230966567993164,benchmark://mm8_16_8_16_128-v0/40321,0.001775979995727539,0.0047152042388916016,0.0140838623046875,0.005358695983886719,0.009740829467773438,0.01026153564453125,0.017444133758544922,0.010568618774414062,0.0033025741577148438,0.007286787033081055,0.004676103591918945,0.004862070083618164
0,benchmark://mm8_16_8_16_128-v0/41023,6.740653038024902,6.740653038024902,7.8619513511657715,7.147988796234131,18.886625289916992,30.13972282409668,30.387561798095703,30.387561798095703,15.240487098693848,32.69010543823242,32.69010543823242,32.69010543823242,benchmark://mm8_16_8_16_128-v0/41023,0.004391670227050781,0.011525630950927734,0.015916109085083008,0.005176067352294922,0.018583059310913086,0.012120723724365234,0.022644758224487305,0.009619951248168945,0.006228446960449219,0.01105046272277832,0.007290363311767578,0.004845380783081055
0,benchmark://mm8_16_8_16_128-v0/41032,19.992107391357422,29.792476654052734,18.839628219604492,24.85984992980957,24.85984992980957,18.576292037963867,24.530961990356445,33.356163024902344,23.246414184570312,26.105247497558594,26.105247497558594,26.105247497558594,benchmark://mm8_16_8_16_128-v0/41032,0.0017428398132324219,0.0046198368072509766,0.016257286071777344,0.0048847198486328125,0.017069578170776367,0.008677959442138672,0.021908044815063477,0.0070781707763671875,0.008846282958984375,0.011152029037475586,0.004551410675048828,0.00521087646484375
0,benchmark://mm8_16_8_16_128-v0/41203,20.12110137939453,23.261884689331055,20.71649932861328,26.10264778137207,26.10264778137207,20.14855194091797,20.787858963012695,23.98430824279785,19.512657165527344,22.47076988220215,22.47076988220215,22.47076988220215,benchmark://mm8_16_8_16_128-v0/41203,0.001708984375,0.004696846008300781,0.016567230224609375,0.004960060119628906,0.01683783531188965,0.008432626724243164,0.02210712432861328,0.007056236267089844,0.008757829666137695,0.010977745056152344,0.004630565643310547,0.004883527755737305
0,benchmark://mm8_16_8_16_128-v0/41230,6.028213024139404,6.028213024139404,6.968462944030762,6.734667778015137,18.109729766845703,21.055849075317383,17.81119155883789,17.37887191772461,12.554864883422852,22.99773597717285,22.99773597717285,22.99773597717285,benchmark://mm8_16_8_16_128-v0/41230,0.004515171051025391,0.01182413101196289,0.016337156295776367,0.005536317825317383,0.020150184631347656,0.01343536376953125,0.022806644439697266,0.009881019592285156,0.006059885025024414,0.011317253112792969,0.00779271125793457,0.0050389766693115234
0,benchmark://mm8_16_8_16_128-v0/41302,6.78416633605957,6.78416633605957,7.278681755065918,7.137479305267334,19.464933395385742,23.09855079650879,22.191850662231445,22.191850662231445,15.159459114074707,23.131925582885742,23.131925582885742,23.131925582885742,benchmark://mm8_16_8_16_128-v0/41302,0.004224061965942383,0.012222051620483398,0.015690088272094727,0.005516767501831055,0.019472360610961914,0.01271510124206543,0.022269487380981445,0.00969839096069336,0.006056070327758789,0.011636018753051758,0.007660865783691406,0.00767064094543457
0,benchmark://mm8_16_8_16_128-v0/41320,6.015598773956299,6.015598773956299,3.3576457500457764,3.3576457500457764,7.4119110107421875,12.516462326049805,12.516462326049805,12.586586952209473,12.586586952209473,2.7245912551879883,19.470808029174805,12.16897201538086,benchmark://mm8_16_8_16_128-v0/41320,0.0043375492095947266,0.011988162994384766,0.015885591506958008,0.005800962448120117,0.019217491149902344,0.011069536209106445,0.01737356185913086,0.008380413055419922,0.007674455642700195,0.00671076774597168,0.012335777282714844,0.006040096282958984
0,benchmark://mm8_16_8_16_128-v0/42013,17.239439010620117,17.239439010620117,17.239439010620117,17.263635635375977,17.90555191040039,20.67208480834961,18.21258544921875,18.21258544921875,18.21258544921875,33.39467239379883,25.8118953704834,25.8118953704834,benchmark://mm8_16_8_16_128-v0/42013,0.0017006397247314453,0.0042667388916015625,0.014207839965820312,0.004729270935058594,0.016976356506347656,0.014456510543823242,0.02231001853942871,0.007428169250488281,0.002755880355834961,0.006636142730712891,0.00530695915222168,0.004141569137573242
0,benchmark://mm8_16_8_16_128-v0/42031,5.967999458312988,7.636086940765381,7.636086940765381,7.1449689865112305,21.87655258178711,14.761711120605469,17.84665870666504,32.735008239746094,24.53038787841797,23.067298889160156,17.120376586914062,19.526554107666016,benchmark://mm8_16_8_16_128-v0/42031,0.004353046417236328,0.012027502059936523,0.01514124870300293,0.005293369293212891,0.017873048782348633,0.013048648834228516,0.022362947463989258,0.009447574615478516,0.008667230606079102,0.011168718338012695,0.006164073944091797,0.005827188491821289
0,benchmark://mm8_16_8_16_128-v0/42103,19.551313400268555,19.551313400268555,18.11583137512207,19.512746810913086,22.54250717163086,25.79395866394043,23.73015022277832,15.46903133392334,17.114858627319336,17.63483238220215,17.63483238220215,17.63483238220215,benchmark://mm8_16_8_16_128-v0/42103,0.0017511844635009766,0.0061872005462646484,0.015886306762695312,0.005588054656982422,0.008722543716430664,0.009267807006835938,0.022078990936279297,0.0069124698638916016,0.00893402099609375,0.011261463165283203,0.004504203796386719,0.00518488883972168
0,benchmark://mm8_16_8_16_128-v0/42130,5.790094375610352,6.536849498748779,5.216380596160889,6.545847415924072,19.398317337036133,19.398317337036133,19.398317337036133,20.41938018798828,15.95829963684082,20.5615234375,20.5615234375,20.5615234375,benchmark://mm8_16_8_16_128-v0/42130,0.002263784408569336,0.008056402206420898,0.01758885383605957,0.0056438446044921875,0.0224149227142334,0.0114898681640625,0.021225452423095703,0.010759353637695312,0.004845142364501953,0.011536836624145508,0.00485992431640625,0.0052700042724609375
0,benchmark://mm8_16_8_16_128-v0/42301,19.016698837280273,19.016698837280273,19.016698837280273,16.781982421875,18.85385513305664,18.85385513305664,19.070999145507812,18.24824333190918,18.24824333190918,17.807411193847656,17.428918838500977,17.428918838500977,benchmark://mm8_16_8_16_128-v0/42301,0.001607656478881836,0.004292964935302734,0.013513565063476562,0.004918098449707031,0.017625808715820312,0.012547016143798828,0.015746116638183594,0.005667686462402344,0.0051805973052978516,0.006478548049926758,0.005419731140136719,0.004592418670654297
0,benchmark://mm8_16_8_16_128-v0/42310,6.8765058517456055,7.8792314529418945,7.8792314529418945,5.774549961090088,17.76396942138672,18.886539459228516,23.115352630615234,20.712305068969727,15.724846839904785,20.525901794433594,20.525901794433594,20.525901794433594,benchmark://mm8_16_8_16_128-v0/42310,0.004222869873046875,0.011461973190307617,0.0155181884765625,0.00517582893371582,0.017859458923339844,0.012947320938110352,0.022458553314208984,0.009120464324951172,0.0058972835540771484,0.01169729232788086,0.0076558589935302734,0.0052073001861572266
0,benchmark://mm8_16_8_16_128-v0/43012,17.30894660949707,23.341629028320312,14.380158424377441,31.22085952758789,31.789480209350586,15.233512878417969,24.3330020904541,26.80683135986328,12.849605560302734,31.05810546875,31.05810546875,31.05810546875,benchmark://mm8_16_8_16_128-v0/43012,0.0017957687377929688,0.00632023811340332,0.01634669303894043,0.005421876907348633,0.008446931838989258,0.008702993392944336,0.021672725677490234,0.0035021305084228516,0.003571033477783203,0.011122941970825195,0.004321575164794922,0.0054988861083984375
0,benchmark://mm8_16_8_16_128-v0/43021,25.652606964111328,13.694568634033203,16.68703842163086,23.50737762451172,23.50737762451172,19.151636123657227,20.217994689941406,19.858642578125,18.63513946533203,19.372243881225586,19.372243881225586,19.372243881225586,benchmark://mm8_16_8_16_128-v0/43021,0.0016360282897949219,0.004536628723144531,0.01624011993408203,0.005244731903076172,0.017577171325683594,0.008674860000610352,0.02210211753845215,0.007178068161010742,0.00854182243347168,0.011144399642944336,0.004506826400756836,0.0052182674407958984
0,benchmark://mm8_16_8_16_128-v0/43102,15.03377914428711,15.771677017211914,15.956964492797852,15.84262752532959,15.84262752532959,16.734310150146484,17.813385009765625,17.922460556030273,14.609820365905762,17.927824020385742,17.927824020385742,17.927824020385742,benchmark://mm8_16_8_16_128-v0/43102,0.0017435550689697266,0.004296779632568359,0.016099929809570312,0.005027055740356445,0.017395496368408203,0.008461475372314453,0.02133631706237793,0.007272958755493164,0.008751153945922852,0.011294364929199219,0.0046923160552978516,0.005072355270385742
0,benchmark://mm8_16_8_16_128-v0/43120,6.909151554107666,7.839439392089844,7.839439392089844,6.02410888671875,13.731242179870605,16.744731903076172,13.724726676940918,15.15891170501709,16.843917846679688,14.35805606842041,14.056449890136719,17.327037811279297,benchmark://mm8_16_8_16_128-v0/43120,0.0040225982666015625,0.012073755264282227,0.016019105911254883,0.005012989044189453,0.01740860939025879,0.012944698333740234,0.0220029354095459,0.009713888168334961,0.008658409118652344,0.011128902435302734,0.00590205192565918,0.004957675933837891
0,benchmark://mm8_16_8_16_128-v0/43201,7.092916488647461,5.668652534484863,5.668652534484863,7.15037727355957,15.538833618164062,15.659737586975098,14.653665542602539,14.653665542602539,14.078908920288086,13.816231727600098,13.816231727600098,13.816231727600098,benchmark://mm8_16_8_16_128-v0/43201,0.0041010379791259766,0.011703252792358398,0.015295743942260742,0.0052564144134521484,0.016832828521728516,0.012915372848510742,0.022372722625732422,0.009489297866821289,0.00589299201965332,0.011145830154418945,0.0075778961181640625,0.005194902420043945
0,benchmark://mm8_16_8_16_128-v0/43210,0.8293277025222778,0.7663263082504272,0.7663263082504272,0.7762522101402283,11.232466697692871,11.232466697692871,14.224681854248047,15.51962947845459,16.390274047851562,16.390274047851562,14.6025972366333,14.139707565307617,benchmark://mm8_16_8_16_128-v0/43210,0.006440162658691406,0.021988868713378906,0.015677690505981445,0.005092620849609375,0.018284082412719727,0.011005878448486328,0.021467924118041992,0.005892515182495117,0.004932880401611328,0.007378816604614258,0.00469660758972168,0.004659175872802734
