,benchmark,base,greedy1_ln,greedy2_ln,beam2dfs_ln,beam4dfs_ln,beam2bfs_ln,beam4bfs_ln,random_ln,policy,benchmark,base,greedy1_ln,greedy2_ln,beam2dfs_ln,beam4dfs_ln,beam2bfs_ln,beam4bfs_ln,random_ln,policy,benchmark,base,greedy1_ln,greedy2_ln,beam2dfs_ln,beam4dfs_ln,beam2bfs_ln,beam4bfs_ln,random_ln,policy
0,mm112_224_176,[23.33471441254809],[23.33471441254809],"[23.33471441254809, 23.15598803258786, 23.15598803258786, 26.210431964288894, 26.210431964288894, 26.252663622526633, 26.845625832183224]","[23.33471441254809, 23.175312490978897, 23.347114451667824]","[23.33471441254809, 17.471097728414794, 17.471097728414794, 23.33471441254809, 17.471097728414794, 23.33471441254809, 7.243700194811853, 7.243700194811853, 7.243700194811853, 7.2275569465269, 27.890522060449104]","[23.33471441254809, 23.175312490978897, 23.347114451667824]","[23.33471441254809, 23.15598803258786, 23.15598803258786, 26.210431964288894, 26.210431964288894, 24.01104984393183, 22.500505759543824, 61.31344858709991]","[23.33471441254809, 23.33471441254809, 23.33471441254809, 15.326632939073388, 23.42067421809319, 42.84468939820295, 42.84468939820295, 42.76688088100692, 42.76688088100692, 44.527351293570725]","[23.33471441254809, 23.33471441254809, 23.15598803258786, 23.15598803258786, 26.210431964288894, 26.210431964288894, 24.01104984393183, 22.500505759543824, 61.31344858709991, 83.2035576660354, 82.5888316327962]",mm112_224_176,[0.0007212162017822266],"[nan, 0.4488253593444824]","[nan, 1.6238045692443848, 1.9670913219451904, 2.540353536605835, 3.328681468963623, 5.2557127475738525, 6.162147283554077, 6.162147283554077]","[nan, 2.553994655609131, 2.912100315093994, 3.0861194133758545, 3.1726255416870117, 3.216081380844116, 3.238429546356201, 3.2487032413482666, 3.2544453144073486, 3.2567596435546875, 3.2582836151123047]","[nan, 60.19989013671875, 60.19989013671875, 60.19989013671875, 60.19989013671875, 60.19989013671875, 60.19989013671875, 60.19989013671875, 60.19989013671875, 60.19989013671875, 60.19989013671875]","[nan, 0.004639625549316406, 0.01140737533569336, 0.01817154884338379, 0.021826744079589844, 0.024129390716552734, 0.025876760482788086]","[nan, 0.011048316955566406, 0.03670525550842285, 0.10256314277648926, 0.2745983600616455, 0.7038133144378662, 61.51086759567261, 61.51086759567261]","[nan, 59.9266300201416, 59.92710757255554, 59.92781352996826, 59.92844843864441, 59.929102182388306, 59.92998266220093, 59.930877685546875, 60.042078733444214, 60.042078733444214, 60.042078733444214]","[nan, 0.018387556076049805, 0.026906251907348633, 0.035099029541015625, 0.04311347007751465, 0.05171012878417969, 0.059728145599365234, 0.06754064559936523, 0.07580924034118652, 0.20415091514587402, 0.3401222229003906]",mm112_224_176,[],[''],"['', 'split_4', 'swap_down', 'swap_down', 'up', 'split_16', 'swap_up']","['', 'split_8', 'split_8']","['', 'swap_down', 'up', 'swap_down', 'swap_up', 'swap_down', 'swap_down', 'up', 'up', 'swap_down', 'split_8']","['', 'split_8', 'split_8']","['', 'split_4', 'swap_down', 'swap_down', 'down', 'split_16', 'swap_up', 'swap_up']","['', 'down', 'down', 'split_8', 'split_8', 'swap_up', 'up', 'split_16', 'down', 'swap_down']","['', 'split_4', 'swap_down', 'swap_down', 'down', 'split_16', 'swap_up', 'swap_up', 'swap_up', 'split_8', 'swap_up']"
0,mm112_240_192,[17.145704736782655],"[17.145704736782655, 17.263478311771934]","[17.145704736782655, 17.140949784034316, 17.140949784034316, 21.384336815238065, 21.384336815238065, 21.64982056224529, 22.273455066484253]","[17.145704736782655, 17.263478311771934]","[17.145704736782655, 17.263478311771934, 17.263478311771934, 17.145704736782655, 17.145704736782655, 17.140010494643082, 17.140010494643082, 22.32191206110568, 22.32191206110568, 22.32191206110568, 35.839875555987646]","[17.145704736782655, 17.263478311771934]","[17.145704736782655, 17.140010494643082, 17.229331152247575, 17.229331152247575, 17.229331152247575, 35.839875555987646]","[17.145704736782655, 17.145704736782655, 17.145704736782655, 14.687897545357522, 19.97584765443567, 43.29718914248082, 44.70550529046677]","[17.145704736782655, 17.145704736782655, 17.140949784034316, 17.140949784034316, 21.384336815238065, 21.384336815238065, 21.068496617828963, 22.76765212557818, 77.99546622336406, 83.7702589740052, 83.59183673469389]",mm112_240_192,[0.0007951259613037109],"[nan, 0.4521176815032959, 0.8183295726776123]","[nan, 1.1443772315979004, 1.4905569553375244, 2.071384906768799, 2.863945245742798, 4.796505928039551, 5.936823844909668, 6.280139207839966, 6.280139207839966]","[nan, 2.561704158782959, 2.911825656890869, 3.083658456802368, 3.169234037399292, 3.2117059230804443, 3.2341511249542236, 3.244600296020508, 3.2503859996795654, 3.252843141555786, 3.2546191215515137]","[nan, 60.034242391586304, 60.034242391586304, 60.034242391586304, 60.034242391586304, 60.034242391586304, 60.034242391586304, 60.034242391586304, 60.034242391586304, 60.034242391586304, 60.034242391586304]","[nan, 0.004681587219238281, 0.01078486442565918, 0.017678260803222656, 0.021373748779296875, 0.023591995239257812, 0.025408506393432617]","[nan, 0.011115312576293945, 0.03703880310058594, 0.10301446914672852, 0.27109241485595703, 0.6907169818878174, 61.43180847167969, 61.43180847167969]","[nan, 59.892404079437256, 59.893027782440186, 59.89379072189331, 59.89447617530823, 59.895153284072876, 59.89581298828125, 59.896472692489624, 59.89700627326965, 59.89763808250427, 59.89858388900757]","[nan, 0.01254725456237793, 0.020311594009399414, 0.02763199806213379, 0.034955739974975586, 0.04242539405822754, 0.05016922950744629, 0.057787418365478516, 0.18610501289367676, 0.3147130012512207, 0.45052051544189453]",mm112_240_192,[],"['', 'swap_down']","['', 'split_4', 'swap_down', 'swap_down', 'up', 'split_16', 'swap_up']","['', 'swap_down']","['', 'swap_down', 'up', 'swap_down', 'up', 'split_16', 'swap_down', 'swap_down', 'up', 'up', 'split_4']","['', 'swap_down']","['', 'split_16', 'split_4', 'swap_down', 'swap_down', 'swap_down']","['', 'down', 'down', 'split_8', 'split_8', 'swap_up', 'swap_up']","['', 'split_4', 'swap_down', 'swap_down', 'down', 'split_16', 'swap_up', 'swap_up', 'swap_up', 'split_8', 'split_4']"
0,mm128_208_64,[21.026901623969593],[21.026901623969593],"[21.026901623969593, 20.908601193945607, 20.908601193945607, 22.13680121601081, 22.13680121601081, 22.13680121601081, 22.59068099408033]","[21.026901623969593, 20.908601193945607, 21.25575854347677]","[21.026901623969593, 17.367607787177658, 17.367607787177658, 21.026901623969593, 17.367607787177658, 21.026901623969593, 7.0841776598884945, 7.0841776598884945, 21.026901623969593, 19.984705965142737, 44.75385767003296]","[21.026901623969593, 20.908601193945607, 21.25575854347677]","[21.026901623969593, 20.93480357526799, 20.93480357526799, 22.361658289478868, 22.361658289478868, 21.25456541263347, 21.630278449517935, 67.05505489748533]","[21.026901623969593, 20.941493120633183, 20.941493120633183, 21.218833667484404, 21.218833667484404, 22.370612523549763, 22.370612523549763, 13.116734857261624, 21.42157072275373, 71.45434340469252]","[21.026901623969593, 21.026901623969593, 20.93480357526799, 20.93480357526799, 22.361658289478868, 22.361658289478868, 21.25456541263347, 21.630278449517935, 67.05505489748533, 84.97798169712989, 84.80035832483141]",mm128_208_64,[0.0008449554443359375],"[nan, 0.44434070587158203]","[nan, 1.787672519683838, 2.240591049194336, 3.0298218727111816, 4.038867235183716, 5.726574897766113, 6.181272029876709, 6.181272029876709]","[nan, 2.08048415184021, 2.4445130825042725, 2.6148669719696045, 2.6997523307800293, 2.7426271438598633, 2.763803720474243, 2.7740049362182617, 2.7794346809387207, 2.781970262527466, 2.7835826873779297]","[nan, 60.26367425918579, 60.26367425918579, 60.26367425918579, 60.26367425918579, 60.26367425918579, 60.26367425918579, 60.26367425918579, 60.26367425918579, 60.26367425918579, 60.26367425918579]","[nan, 0.00493931770324707, 0.010471582412719727, 0.016749143600463867, 0.020372629165649414, 0.022372007369995117, 0.024120569229125977]","[nan, 0.01192617416381836, 0.0424652099609375, 0.11650705337524414, 0.30469179153442383, 0.7632162570953369, 61.63301682472229, 61.63301682472229]","[nan, 59.89650058746338, 59.89721488952637, 59.89761471748352, 59.898425579071045, 59.899171590805054, 59.899734020233154, 59.90037512779236, 59.901395082473755, 59.902363300323486, 59.90321111679077]","[nan, 0.012300968170166016, 0.019971370697021484, 0.02729320526123047, 0.034740447998046875, 0.04222559928894043, 0.04978370666503906, 0.057279348373413086, 0.06485795974731445, 0.18624424934387207, 0.310305118560791]",mm128_208_64,[],[''],"['', 'split_8', 'swap_down', 'swap_down', 'up', 'up', 'split_8']","['', 'split_8', 'split_8']","['', 'swap_down', 'up', 'swap_down', 'swap_up', 'swap_down', 'swap_down', 'up', 'swap_down', 'split_16', 'swap_up']","['', 'split_8', 'split_8']","['', 'split_4', 'swap_down', 'swap_down', 'down', 'split_16', 'swap_up', 'swap_up']","['', 'split_16', 'down', 'split_4', 'swap_down', 'swap_down', 'down', 'split_8', 'swap_up', 'swap_up']","['', 'split_4', 'swap_down', 'swap_down', 'down', 'split_16', 'swap_up', 'swap_up', 'swap_up', 'split_4', 'split_4']"
0,mm144_160_96,[28.92031302096613],[28.92031302096613],[28.92031302096613],[28.92031302096613],"[28.92031302096613, 17.31612034478169, 17.31612034478169, 28.92031302096613, 17.31612034478169, 28.92031302096613, 7.434256520570045, 7.434256520570045, 28.92031302096613, 25.347696539078616, 43.69109818368576]",[28.92031302096613],"[28.92031302096613, 28.873876520002344, 28.873876520002344, 33.73455754506909, 33.73455754506909, 26.687097688841163, 37.94121430960693, 82.98808742144264]","[28.92031302096613, 28.91483103470815, 28.91483103470815, 35.36256445101723, 35.36256445101723, 14.959925871316393, 37.04056000267944, 76.05267682151084]","[28.92031302096613, 28.92031302096613, 28.873876520002344, 28.873876520002344, 33.73455754506909, 33.73455754506909, 26.687097688841163, 37.94121430960693, 82.98808742144264, 86.20301264688115, 86.26689288012636]",mm144_160_96,[0.0007886886596679688],"[nan, 0.333754301071167]","[nan, 1.4596304893493652, 1.685107707977295]","[nan, 2.434337615966797, 2.7968246936798096, 2.9682302474975586, 3.0537164211273193, 3.096937417984009, 3.1181647777557373, 3.1286489963531494, 3.1341159343719482, 3.1363766193389893, 3.1382803916931152]","[nan, 60.15037727355957, 60.15037727355957, 60.15037727355957, 60.15037727355957, 60.15037727355957, 60.15037727355957, 60.15037727355957, 60.15037727355957, 60.15037727355957, 60.15037727355957]","[nan, 0.005100727081298828, 0.011002779006958008, 0.017594099044799805, 0.02111530303955078, 0.02317500114440918, 0.02492690086364746]","[nan, 0.012533426284790039, 0.04297518730163574, 0.11930966377258301, 0.30787229537963867, 0.7644038200378418, 61.887431144714355, 61.887431144714355]","[nan, 59.93477392196655, 59.93545055389404, 59.93617224693298, 59.93670320510864, 59.93755078315735, 59.93795347213745, 59.938538789749146, 59.93890142440796, 59.939696073532104, 60.0511372089386]","[nan, 0.012947559356689453, 0.020828962326049805, 0.028359651565551758, 0.03575921058654785, 0.04339337348937988, 0.0511019229888916, 0.0591578483581543, 0.06682944297790527, 0.1899886131286621, 0.3170032501220703]",mm144_160_96,[],[''],[''],[''],"['', 'swap_down', 'up', 'swap_down', 'swap_up', 'swap_down', 'swap_down', 'up', 'swap_down', 'split_16', 'swap_up']",[''],"['', 'split_4', 'swap_down', 'swap_down', 'down', 'split_16', 'swap_up', 'swap_up']","['', 'split_8', 'down', 'swap_down', 'down', 'split_8', 'swap_up', 'swap_up']","['', 'split_4', 'swap_down', 'swap_down', 'down', 'split_16', 'swap_up', 'swap_up', 'swap_up', 'split_4', 'swap_up']"
0,mm144_176_160,[20.730970383889815],[20.730970383889815],"[20.730970383889815, 20.657203332628637, 20.657203332628637, 21.680763925275617, 21.680763925275617, 21.680763925275617, 21.936091140719586]","[20.730970383889815, 20.66420363339873, 21.003278654560333]","[20.730970383889815, 17.29571108983231, 17.29571108983231, 20.730970383889815, 17.29571108983231, 20.730970383889815, 7.317763763982341, 7.317763763982341, 7.317763763982341, 7.337898287418388, 28.594275560068542]","[20.730970383889815, 20.66420363339873, 21.003278654560333]","[20.730970383889815, 20.63922431892504, 21.003441837096737, 21.003441837096737, 20.85105398338617, 20.85105398338617, 20.85105398338617, 34.31806737446101]","[20.730970383889815, 20.657203332628637, 20.657203332628637, 20.657203332628637, 20.657203332628637, 25.259145059565526, 43.049647272399135, 43.049647272399135, 63.65889842149468, 63.69139428589379]","[20.730970383889815, 20.730970383889815, 20.63922431892504, 20.63922431892504, 21.42270731745973, 21.42270731745973, 21.02729372843168, 22.64670648650007, 84.32452665398172, 85.32166265136293, 84.52666576339021]",mm144_176_160,[0.0007388591766357422],"[nan, 0.3375980854034424]","[nan, 1.8389191627502441, 2.18349027633667, 3.2463011741638184, 4.679058313369751, 6.162683010101318, 6.162908554077148]","[nan, 2.5768022537231445, 2.9376518726348877, 3.1109461784362793, 3.1959567070007324, 3.2408854961395264, 3.2626826763153076, 3.273181200027466, 3.27860164642334, 3.2808992862701416, 3.282585859298706]","[nan, 60.20040988922119, 60.20040988922119, 60.20040988922119, 60.20040988922119, 60.20040988922119, 60.20040988922119, 60.20040988922119, 60.20040988922119, 60.20040988922119, 60.20040988922119]","[nan, 0.005180835723876953, 0.011334419250488281, 0.018233299255371094, 0.02191948890686035, 0.024067401885986328, 0.025722265243530273]","[nan, 0.01311492919921875, 0.044535160064697266, 0.1215829849243164, 0.320112943649292, 0.8065996170043945, 61.91757893562317, 61.91757893562317]","[nan, 59.914788246154785, 59.91535210609436, 59.91605186462402, 59.91661071777344, 59.91731882095337, 59.918047189712524, 59.91888236999512, 60.0323429107666, 60.0323429107666, 60.0323429107666]","[nan, 0.017461776733398438, 0.02518916130065918, 0.03269076347351074, 0.04034090042114258, 0.04798007011413574, 0.05543112754821777, 0.0633394718170166, 0.19051146507263184, 0.31798887252807617, 0.45145273208618164]",mm144_176_160,[],[''],"['', 'split_16', 'down', 'swap_down', 'up', 'up', 'split_8']","['', 'split_8', 'split_8']","['', 'swap_down', 'up', 'swap_down', 'swap_up', 'swap_down', 'swap_down', 'up', 'up', 'swap_down', 'split_8']","['', 'split_8', 'split_8']","['', 'split_4', 'split_16', 'swap_down', 'split_8', 'swap_down', 'swap_down', 'swap_down']","['', 'split_16', 'down', 'down', 'down', 'split_16', 'swap_up', 'up', 'swap_down', 'split_16']","['', 'split_4', 'swap_down', 'swap_down', 'down', 'split_16', 'swap_up', 'swap_up', 'swap_up', 'split_4', 'swap_up']"
0,mm160_144_80,[20.395923471024993],"[20.395923471024993, 20.570625031388282]","[20.395923471024993, 20.54815136870621, 20.54815136870621, 20.83112010216652, 20.83112010216652, 20.95903028097745, 20.95903028097745, 21.24224246719795, 21.247997048889296]","[20.395923471024993, 20.570625031388282]","[20.395923471024993, 17.171444275719438, 17.171444275719438, 20.395923471024993, 17.171444275719438, 20.395923471024993, 7.414693015537789, 7.414693015537789, 20.395923471024993, 25.04773229148972, 43.656000568437506]","[20.395923471024993, 20.570625031388282]","[20.395923471024993, 20.54815136870621, 20.54815136870621, 20.83112010216652, 20.83112010216652, 20.697902922433396, 22.328421129140697, 58.22684841496738]","[20.395923471024993, 20.395923471024993, 20.395923471024993, 25.04773229148972, 25.04773229148972, 43.656000568437506]","[20.395923471024993, 20.395923471024993, 20.54815136870621, 20.54815136870621, 20.83112010216652, 20.83112010216652, 20.697902922433396, 22.328421129140697, 58.22684841496738, 74.8598814068719, 75.1912211638485]",mm160_144_80,[0.0008280277252197266],"[nan, 0.4443678855895996, 0.7798810005187988]","[nan, 1.4685931205749512, 2.0348734855651855, 2.6003427505493164, 3.38017201423645, 5.067419767379761, 5.969361305236816, 6.423205852508545, 6.423407554626465]","[nan, 2.448885679244995, 2.8174283504486084, 2.9934165477752686, 3.0826621055603027, 3.1269710063934326, 3.1502156257629395, 3.1610701084136963, 3.1668667793273926, 3.1694931983947754, 3.1713767051696777]","[nan, 60.06005787849426, 60.06005787849426, 60.06005787849426, 60.06005787849426, 60.06005787849426, 60.06005787849426, 60.06005787849426, 60.06005787849426, 60.06005787849426, 60.06005787849426]","[nan, 0.00531315803527832, 0.011330366134643555, 0.01796865463256836, 0.021547555923461914, 0.023761987686157227, 0.02547907829284668]","[nan, 0.01240682601928711, 0.043889760971069336, 0.12102103233337402, 0.3107337951660156, 0.7804687023162842, 61.73020696640015, 61.73020696640015]","[nan, 59.828782081604004, 59.82950282096863, 59.83008337020874, 59.83052086830139, 59.831443548202515, 59.83195924758911, 59.832870960235596, 59.94563031196594, 59.94660949707031, 60.05937910079956]","[nan, 0.017697811126708984, 0.025790929794311523, 0.0328521728515625, 0.040283918380737305, 0.047873735427856445, 0.05535101890563965, 0.06320762634277344, 0.0711355209350586, 0.19300627708435059, 0.3179042339324951]",mm160_144_80,[],"['', 'split_8']","['', 'split_4', 'down', 'swap_down', 'up', 'split_16', 'down', 'swap_down', 'split_16']","['', 'split_8']","['', 'swap_down', 'up', 'swap_down', 'swap_up', 'swap_down', 'swap_down', 'up', 'swap_down', 'split_16', 'swap_up']","['', 'split_8']","['', 'split_4', 'swap_down', 'swap_down', 'down', 'split_16', 'swap_up', 'swap_up']","['', 'down', 'down', 'split_16', 'up', 'swap_down']","['', 'split_4', 'swap_down', 'swap_down', 'down', 'split_16', 'swap_up', 'swap_up', 'swap_up', 'split_4', 'split_8']"
0,mm176_256_160,[21.911832424767894],"[21.911832424767894, 21.95607846242639, 22.060321190755975]","[21.911832424767894, 21.95607846242639, 21.95607846242639, 26.731731917323625, 26.765874341895195]","[21.911832424767894, 21.90720458993278, 22.049761348012865]","[21.911832424767894, 14.992258428122962, 14.992258428122962, 21.911832424767894, 21.911832424767894, 14.992258428122962, 21.911832424767894, 21.883397181764643, 21.883397181764643, 28.09169110268975]","[21.911832424767894, 21.90720458993278, 22.049761348012865]","[21.911832424767894, 21.95607846242639, 21.95607846242639, 26.731731917323625, 26.731731917323625, 23.04404252734677, 36.94449071001566]","[21.911832424767894, 21.911832424767894, 21.911832424767894, 26.130781499202552, 28.56068634772601, 44.86169279308993]","[21.911832424767894, 21.911832424767894, 21.95607846242639, 21.95607846242639, 26.731731917323625, 26.731731917323625, 23.04404252734677, 36.94449071001566, 71.41013258842118, 71.41013258842118, 74.31457847968167]",mm176_256_160,[0.0007123947143554688],"[nan, 0.45552802085876465, 0.8006975650787354, 0.8015141487121582]","[nan, 1.746110200881958, 2.329003095626831, 2.923478364944458, 3.7243921756744385, 3.8422956466674805, 4.183448553085327]","[nan, 2.6205410957336426, 2.9828097820281982, 3.156938076019287, 3.2440385818481445, 3.286738157272339, 3.3092522621154785, 3.3197312355041504, 3.325352907180786, 3.327765941619873, 3.329263925552368]","[nan, 60.14169454574585, 60.14169454574585, 60.14169454574585, 60.14169454574585, 60.14169454574585, 60.14169454574585, 60.14169454574585, 60.14169454574585, 60.14169454574585, 60.14169454574585]","[nan, 0.0047512054443359375, 0.010853767395019531, 0.017496585845947266, 0.021426677703857422, 0.023527145385742188, 0.025243043899536133]","[nan, 0.012674808502197266, 0.04395151138305664, 0.12086963653564453, 4.899678707122803, 17.612694025039673, 61.28061056137085, 61.28061056137085]","[nan, 59.99722766876221, 59.9979727268219, 59.99866509437561, 59.99906325340271, 59.99980354309082, 60.000781774520874, 60.000781774520874, 60.000781774520874, 60.000781774520874, 60.000781774520874]","[nan, 0.016983747482299805, 0.02477884292602539, 0.03212118148803711, 0.03919649124145508, 0.04667830467224121, 0.05408358573913574, 0.06164145469665527, 0.1883389949798584, 0.19607210159301758, 0.32868242263793945]",mm176_256_160,[],"['', 'split_4', 'split_16']","['', 'split_4', 'down', 'swap_down', 'split_4']","['', 'split_8', 'split_8']","['', 'swap_down', 'up', 'swap_down', 'up', 'swap_down', 'swap_up', 'split_16', 'swap_down', 'swap_down']","['', 'split_8', 'split_8']","['', 'split_4', 'swap_down', 'swap_down', 'down', 'split_16', 'swap_up']","['', 'down', 'down', 'split_16', 'split_4', 'swap_up']","['', 'split_4', 'swap_down', 'swap_down', 'down', 'split_16', 'swap_up', 'swap_up', 'down', 'split_16', 'swap_up']"
0,mm208_112_208,[46.70494513173684],[46.70494513173684],"[46.70494513173684, 46.70494513173684, 47.17970488148036, 47.00373463706118, 88.14530901814543]",[46.70494513173684],"[46.70494513173684, 16.936830754657954, 16.936830754657954, 46.70494513173684, 46.70494513173684, 16.936830754657954, 16.936830754657954, 46.70494513173684, 47.15789473684211, 46.90182261670845, 86.95345081290601]",[46.70494513173684],"[46.70494513173684, 16.936830754657954, 16.936830754657954, 46.70494513173684, 47.15789473684211, 46.90182261670845, 86.95345081290601]","[46.70494513173684, 46.686495262044815, 46.686495262044815, 46.686495262044815, 47.12876949487188, 46.920897444587546, 79.77753813479094, 79.77753813479094, 88.18059890264874]","[46.70494513173684, 46.70494513173684, 46.70494513173684, 47.15789473684211, 46.90182261670845, 86.95345081290601, 86.95345081290601, 86.95345081290601, 86.95345081290601, 86.95345081290601, 86.95345081290601]",mm208_112_208,[0.0007965564727783203],"[nan, 0.4953775405883789]","[nan, 2.062342643737793, 4.34061598777771, 5.667792320251465, 6.238288640975952, 6.238288640975952]","[nan, 2.2058887481689453, 2.5723209381103516, 2.743668556213379, 2.829615592956543, 2.872511625289917, 2.893770933151245, 2.9039018154144287, 2.9098758697509766, 2.9120566844940186, 2.9136593341827393]","[nan, 60.28912925720215, 60.28912925720215, 60.28912925720215, 60.28912925720215, 60.28912925720215, 60.28912925720215, 60.28912925720215, 60.28912925720215, 60.28912925720215, 60.28912925720215]","[nan, 0.004841327667236328, 0.010633230209350586, 0.01720881462097168, 0.02079939842224121, 0.02270364761352539, 0.0243990421295166]","[nan, 0.01223134994506836, 0.04243946075439453, 0.11900639533996582, 0.31087708473205566, 0.7816119194030762, 61.58078193664551, 61.58078193664551]","[nan, 59.87786531448364, 59.87859296798706, 59.879170656204224, 59.87976312637329, 59.880337953567505, 59.8810133934021, 59.88178300857544, 59.88241720199585, 60.014071464538574, 60.014071464538574]","[nan, 0.012752294540405273, 0.020461082458496094, 0.028017282485961914, 0.035703420639038086, 0.04331064224243164, 0.05045270919799805, 0.05799603462219238, 0.06544089317321777, 0.07305622100830078, 0.08048653602600098]",mm208_112_208,[],[''],"['', 'down', 'split_16', 'split_4', 'swap_up']",[''],"['', 'swap_down', 'up', 'swap_down', 'up', 'swap_down', 'up', 'swap_down', 'split_8', 'split_8', 'swap_up']",[''],"['', 'swap_down', 'up', 'swap_down', 'split_8', 'split_8', 'swap_up']","['', 'split_8', 'swap_down', 'down', 'split_16', 'split_4', 'swap_up', 'up', 'swap_down']","['', 'down', 'split_8', 'split_8', 'swap_up', 'split_4', 'split_4', 'split_4', 'split_4', 'split_4', 'split_4']"
0,mm208_144_256,[19.388417589808814],"[19.388417589808814, 19.831580417518555, 19.846106660006182]","[19.388417589808814, 19.359438080546166, 19.359438080546166, 31.429686347165976]","[19.388417589808814, 19.831580417518555]","[19.388417589808814, 16.090654982246733, 16.090654982246733, 19.388417589808814, 19.388417589808814, 19.359438080546166, 19.359438080546166, 31.429686347165976, 31.429686347165976, 25.736665889077784, 38.09238794291888]","[19.388417589808814, 19.831580417518555]","[19.388417589808814, 19.359438080546166, 19.359438080546166, 31.429686347165976, 31.429686347165976, 25.736665889077784, 38.09238794291888]","[19.388417589808814, 19.785601486298187, 19.488873158711417, 19.488873158711417, 19.488873158711417, 34.72278915800413, 34.72278915800413, 17.922501203760408, 34.55465275055093, 40.23007767718715]","[19.388417589808814, 19.388417589808814, 19.359438080546166, 19.359438080546166, 31.429686347165976, 31.429686347165976, 25.736665889077784, 38.09238794291888, 55.84884991332469, 55.84884991332469, 55.84884991332469]",mm208_144_256,[0.0007295608520507812],"[nan, 0.46338963508605957, 0.8124117851257324, 0.8135058879852295]","[nan, 1.5974183082580566, 2.183284044265747, 2.7720718383789062, 3.5739951133728027, 3.575462818145752]","[nan, 2.812232494354248, 3.171027421951294, 3.3413426876068115, 3.4283013343811035, 3.470975160598755, 3.4922871589660645, 3.502596378326416, 3.50817608833313, 3.5106565952301025, 3.512054204940796]","[nan, 60.04248929023743, 60.04248929023743, 60.04248929023743, 60.04248929023743, 60.04248929023743, 60.04248929023743, 60.04248929023743, 60.04248929023743, 60.04248929023743, 60.04248929023743]","[nan, 0.004959583282470703, 0.010982513427734375, 0.01760268211364746, 0.02197408676147461, 0.025815963745117188, 0.028111696243286133, 0.029436111450195312]","[nan, 0.012219667434692383, 0.04270195960998535, 0.11883044242858887, 2.2784976959228516, 7.442094802856445, 61.341702461242676, 61.341702461242676]","[nan, 59.959293603897095, 59.95993781089783, 59.96049094200134, 59.9612922668457, 59.96197772026062, 59.96256113052368, 59.96330642700195, 59.96435260772705, 60.081953287124634, 60.081953287124634]","[nan, 0.012898683547973633, 0.020771026611328125, 0.02821516990661621, 0.03604292869567871, 0.043727874755859375, 0.05142474174499512, 0.05923032760620117, 0.19259858131408691, 0.2002871036529541, 0.2082374095916748]",mm208_144_256,[],"['', 'split_8', 'split_4']","['', 'split_4', 'swap_down', 'swap_down']","['', 'split_8']","['', 'swap_down', 'up', 'swap_down', 'up', 'split_4', 'swap_down', 'swap_down', 'down', 'split_16', 'swap_up']","['', 'split_8']","['', 'split_4', 'swap_down', 'swap_down', 'down', 'split_16', 'swap_up']","['', 'split_16', 'split_8', 'swap_down', 'swap_down', 'swap_down', 'down', 'split_8', 'split_8', 'swap_up']","['', 'split_4', 'swap_down', 'swap_down', 'down', 'split_16', 'swap_up', 'swap_up', 'down', 'down', 'down']"
0,mm208_176_240,[28.387830537389824],"[28.387830537389824, 28.482297277364538, 28.519556654163953]","[28.387830537389824, 28.360477671488677, 28.360477671488677, 36.68687678508794, 36.68687678508794, 36.70365891103689]","[28.387830537389824, 28.47200572945191]","[28.387830537389824, 14.49772738710984, 14.49772738710984, 28.387830537389824, 28.387830537389824, 28.482297277364538, 28.482297277364538, 34.1223966677347, 34.1223966677347, 26.767856952439853, 39.416508336716774]","[28.387830537389824, 28.47200572945191]","[28.387830537389824, 28.482297277364538, 28.482297277364538, 34.1223966677347, 34.1223966677347, 26.767856952439853, 39.416508336716774]","[28.387830537389824, 28.387830537389824, 6.744754842127082, 6.744754842127082, 6.744754842127082, 7.194149643933024, 7.194149643933024, 39.604492396598474]","[28.387830537389824, 28.387830537389824, 28.482297277364538, 28.482297277364538, 34.1223966677347, 34.1223966677347, 26.767856952439853, 39.416508336716774, 80.95010826000829, 80.95010826000829, 82.58452630490567]",mm208_176_240,[0.0007758140563964844],"[nan, 0.4575479030609131, 0.8032541275024414, 0.9213371276855469]","[nan, 1.522397756576538, 1.8701772689819336, 2.9680161476135254, 4.463510036468506, 6.086808919906616, 6.086808919906616]","[nan, 2.629848003387451, 2.99049711227417, 3.159740447998047, 3.244396209716797, 3.286388874053955, 3.307668685913086, 3.3180718421936035, 3.323629856109619, 3.3260698318481445, 3.3277158737182617]","[nan, 60.07760977745056, 60.07760977745056, 60.07760977745056, 60.07760977745056, 60.07760977745056, 60.07760977745056, 60.07760977745056, 60.07760977745056, 60.07760977745056, 60.07760977745056]","[nan, 0.005017757415771484, 0.011271476745605469, 0.01752614974975586, 0.02101278305053711, 0.023052692413330078, 0.024775981903076172]","[nan, 0.011924028396606445, 0.04190945625305176, 0.11566615104675293, 0.3072068691253662, 0.7770323753356934, 61.616302490234375, 61.616302490234375]","[nan, 59.718804597854614, 59.71930813789368, 59.72011137008667, 59.72098422050476, 59.721925497055054, 59.835078716278076, 59.94942283630371, 60.06525206565857, 60.06525206565857, 60.06525206565857]","[nan, 0.012755632400512695, 0.02073192596435547, 0.027786970138549805, 0.03512072563171387, 0.04263734817504883, 0.05013585090637207, 0.057711124420166016, 0.1902446746826172, 0.197906494140625, 0.3355262279510498]",mm208_176_240,[],"['', 'split_4', 'split_4']","['', 'split_16', 'down', 'swap_down', 'up', 'split_16']","['', 'split_8']","['', 'swap_down', 'up', 'swap_down', 'up', 'split_4', 'swap_down', 'swap_down', 'down', 'split_16', 'swap_up']","['', 'split_8']","['', 'split_4', 'swap_down', 'swap_down', 'down', 'split_16', 'swap_up']","['', 'down', 'swap_down', 'up', 'up', 'split_8', 'down', 'swap_down']","['', 'split_4', 'down', 'swap_down', 'down', 'split_16', 'swap_up', 'swap_up', 'down', 'split_16', 'swap_up']"
0,mm208_176_96,[20.614305322556046],"[20.614305322556046, 20.636275289855284, 21.03895450817464]","[20.614305322556046, 20.618538313962695, 20.618538313962695, 21.456155024940017, 21.456155024940017, 21.926770756968384]","[20.614305322556046, 20.636275289855284, 21.013166234170026]","[20.614305322556046, 16.966353267756926, 16.966353267756926, 20.614305322556046, 16.966353267756926, 20.614305322556046, 7.428273096783602, 7.428273096783602, 20.614305322556046, 25.952383765581615, 45.058888390281425]","[20.614305322556046, 20.636275289855284, 21.013166234170026]","[20.614305322556046, 20.628825677087615, 20.628825677087615, 21.135559531506065, 21.135559531506065, 26.782769066626024, 41.22715968279292, 82.95255629514233]","[20.614305322556046, 20.614305322556046, 20.614305322556046, 25.952383765581615, 45.058888390281425]","[20.614305322556046, 20.614305322556046, 20.628825677087615, 20.628825677087615, 21.135559531506065, 21.135559531506065, 26.782769066626024, 41.22715968279292, 82.95255629514233, 85.78952764555109, 84.89529308033288]",mm208_176_96,[0.00086212158203125],"[nan, 0.4463012218475342, 0.7870149612426758, 0.7881529331207275]","[nan, 1.4775054454803467, 1.8183941841125488, 2.8562123775482178, 4.240796804428101, 5.829615592956543, 6.059473514556885, 6.059473514556885]","[nan, 2.4250504970550537, 2.7809317111968994, 2.951300621032715, 3.0379106998443604, 3.0799548625946045, 3.1015055179595947, 3.1116549968719482, 3.1172525882720947, 3.119584798812866, 3.121079206466675]","[nan, 60.21119999885559, 60.21119999885559, 60.21119999885559, 60.21119999885559, 60.21119999885559, 60.21119999885559, 60.21119999885559, 60.21119999885559, 60.21119999885559, 60.21119999885559]","[nan, 0.00482940673828125, 0.010848283767700195, 0.017287015914916992, 0.021263599395751953, 0.0233614444732666, 0.024951457977294922]","[nan, 0.012143373489379883, 0.042641639709472656, 0.11553502082824707, 0.29746365547180176, 0.7441504001617432, 61.55462026596069, 61.55462026596069]","[nan, 59.74628233909607, 59.74701285362244, 59.747623443603516, 59.74830722808838, 59.74895906448364, 59.7497124671936, 59.75043272972107, 59.75131893157959, 59.87933588027954, 60.0332305431366]","[nan, 0.012164115905761719, 0.019786834716796875, 0.026889801025390625, 0.0341191291809082, 0.041423797607421875, 0.0489344596862793, 0.056571006774902344, 0.06390571594238281, 0.1864163875579834, 0.31262850761413574]",mm208_176_96,[],"['', 'split_8', 'split_4']","['', 'split_16', 'down', 'swap_down', 'up', 'split_16']","['', 'split_8', 'split_8']","['', 'swap_down', 'up', 'swap_down', 'swap_up', 'swap_down', 'swap_down', 'up', 'swap_down', 'split_16', 'swap_up']","['', 'split_8', 'split_8']","['', 'split_4', 'swap_down', 'swap_down', 'down', 'split_16', 'swap_up', 'swap_up']","['', 'down', 'down', 'split_16', 'swap_up']","['', 'split_4', 'swap_down', 'swap_down', 'down', 'split_16', 'swap_up', 'swap_up', 'swap_up', 'split_8', 'swap_up']"
0,mm224_240_80,[22.185253677295556],[22.185253677295556],"[22.185253677295556, 22.12061206120612, 22.12061206120612, 27.006508613787712, 27.011257831022625]","[22.185253677295556, 22.12061206120612, 22.186913187924308]","[22.185253677295556, 15.852065084580838, 15.852065084580838, 22.185253677295556, 22.185253677295556, 22.107251628821466, 22.107251628821466, 26.04059761137096, 26.04059761137096, 23.833286691585368, 33.99425366852283]","[22.185253677295556, 22.12061206120612, 22.186913187924308]","[22.185253677295556, 22.107251628821466, 22.107251628821466, 26.04059761137096, 26.04059761137096, 23.833286691585368, 33.99425366852283, 59.06556431455489]","[22.185253677295556, 22.185253677295556, 22.053009675881057, 21.990653154304763, 21.990653154304763, 21.990653154304763, 21.990653154304763, 25.63922190493791, 36.42955157634383, 39.786304031083056, 45.00745624362295]","[22.185253677295556, 22.185253677295556, 22.107251628821466, 22.107251628821466, 26.04059761137096, 26.04059761137096, 23.833286691585368, 33.99425366852283, 59.06556431455489, 83.21337357789643, 82.82077451905486]",mm224_240_80,[0.0007481575012207031],"[nan, 0.33676767349243164]","[nan, 1.8446779251098633, 2.2996633052825928, 3.1148688793182373, 4.145763874053955, 4.9408416748046875, 4.942513942718506]","[nan, 2.091337203979492, 2.445495128631592, 2.6146161556243896, 2.699467420578003, 2.7408576011657715, 2.76240611076355, 2.772575855255127, 2.7782585620880127, 2.780564308166504, 2.7821731567382812]","[nan, 60.214332818984985, 60.214332818984985, 60.214332818984985, 60.214332818984985, 60.214332818984985, 60.214332818984985, 60.214332818984985, 60.214332818984985, 60.214332818984985, 60.214332818984985]","[nan, 0.005040645599365234, 0.011187314987182617, 0.017112016677856445, 0.02073359489440918, 0.02579784393310547, 0.027394533157348633]","[nan, 0.01188349723815918, 0.04183506965637207, 0.1155087947845459, 0.2966020107269287, 0.7425346374511719, 61.64715218544006, 61.64715218544006]","[nan, 59.825653076171875, 59.82634902000427, 59.827043533325195, 59.827571630477905, 59.8280463218689, 59.828837394714355, 59.82968616485596, 59.94246482849121, 60.054574966430664, 60.054574966430664]","[nan, 0.012426376342773438, 0.020067214965820312, 0.02705216407775879, 0.03437042236328125, 0.0416407585144043, 0.04900217056274414, 0.056380271911621094, 0.0640268325805664, 0.18957042694091797, 0.3151116371154785]",mm224_240_80,[],[''],"['', 'split_8', 'down', 'swap_down', 'split_8']","['', 'split_8', 'split_8']","['', 'swap_down', 'up', 'swap_down', 'up', 'split_4', 'swap_down', 'swap_down', 'down', 'split_16', 'swap_up']","['', 'split_8', 'split_8']","['', 'split_4', 'swap_down', 'swap_down', 'down', 'split_16', 'swap_up', 'swap_up']","['', 'down', 'split_4', 'split_4', 'down', 'swap_down', 'down', 'split_16', 'swap_up', 'split_4', 'swap_up']","['', 'split_4', 'swap_down', 'swap_down', 'down', 'split_16', 'swap_up', 'swap_up', 'split_4', 'swap_up', 'up']"
0,mm240_144_128,[28.378297756322873],[28.378297756322873],[28.378297756322873],[28.378297756322873],"[28.378297756322873, 16.62475102408959, 16.62475102408959, 28.378297756322873, 28.378297756322873, 28.168770137924884, 28.168770137924884, 33.11236863379143, 33.11236863379143, 26.391752577319586, 39.18349993135305]",[28.378297756322873],"[28.378297756322873, 28.168770137924884, 28.168770137924884, 33.11236863379143, 33.11236863379143, 26.391752577319586, 39.18349993135305]","[28.378297756322873, 28.180164799638163, 28.336306597443528, 28.336306597443528, 28.336306597443528, 28.336306597443528, 28.336306597443528, 28.336306597443528, 28.336306597443528, 7.565991282403437, 37.516474010499266]","[28.378297756322873, 28.378297756322873, 28.168770137924884, 28.168770137924884, 33.11236863379143, 33.11236863379143, 26.391752577319586, 39.18349993135305, 83.71443440412547, 85.74518811420596, 85.503218199741]",mm240_144_128,[0.0007498264312744141],"[nan, 0.33628201484680176]","[nan, 1.6608359813690186, 1.7753140926361084]","[nan, 2.546701431274414, 2.905848264694214, 3.0742979049682617, 3.1589410305023193, 3.2013697624206543, 3.2234485149383545, 3.2342371940612793, 3.240002155303955, 3.24231219291687, 3.2441084384918213]","[nan, 60.1424994468689, 60.1424994468689, 60.1424994468689, 60.1424994468689, 60.1424994468689, 60.1424994468689, 60.1424994468689, 60.1424994468689, 60.1424994468689, 60.1424994468689]","[nan, 0.004963397979736328, 0.010982513427734375, 0.017731666564941406, 0.02154707908630371, 0.02364182472229004, 0.025125980377197266]","[nan, 0.012135505676269531, 0.04192328453063965, 0.11710906028747559, 0.4200911521911621, 1.7098560333251953, 61.54456686973572, 61.54456686973572]","[nan, 59.90765976905823, 59.908318758010864, 59.90913248062134, 59.90953230857849, 59.910250425338745, 59.91114282608032, 59.91184592247009, 59.912553787231445, 59.91357684135437, 60.05162477493286]","[nan, 0.017542362213134766, 0.025456905364990234, 0.03271603584289551, 0.04006624221801758, 0.04738306999206543, 0.05472397804260254, 0.062288761138916016, 0.1871967315673828, 0.311779260635376, 0.4415581226348877]",mm240_144_128,[],[''],[''],[''],"['', 'swap_down', 'up', 'swap_down', 'up', 'split_4', 'swap_down', 'swap_down', 'down', 'split_16', 'swap_up']",[''],"['', 'split_4', 'swap_down', 'swap_down', 'down', 'split_16', 'swap_up']","['', 'split_8', 'split_8', 'swap_down', 'up', 'swap_down', 'down', 'down', 'down', 'swap_up', 'swap_up']","['', 'split_4', 'down', 'swap_down', 'down', 'split_16', 'swap_up', 'swap_up', 'swap_up', 'split_8', 'split_4']"
0,mm240_80_112,[50.680524622618165],"[50.680524622618165, 50.965196061004654]","[50.680524622618165, 50.680524622618165, 52.665221703831605, 51.808128749367576, 94.45042275172945, 94.45042275172945, 95.78832490701352]","[50.680524622618165, 50.87416309825168]","[50.680524622618165, 16.69779125431441, 16.69779125431441, 50.680524622618165, 50.680524622618165, 16.69779125431441, 16.69779125431441, 50.680524622618165, 52.48654519715405, 51.77943655189021, 95.07051593792828]","[50.680524622618165, 50.87416309825168]","[50.680524622618165, 16.69779125431441, 16.69779125431441, 50.680524622618165, 52.48654519715405, 51.77943655189021, 95.07051593792828]","[50.680524622618165, 50.680524622618165, 52.665221703831605, 51.808128749367576, 51.808128749367576, 94.45042275172945, 95.38045286199021, 95.38045286199021, 96.37215138817308]","[50.680524622618165, 50.680524622618165, 50.680524622618165, 52.48654519715405, 52.143549951503395, 94.01066713298941, 94.01066713298941, 94.01066713298941, 94.01066713298941, 94.01066713298941, 94.01066713298941]",mm240_80_112,[0.0007755756378173828],"[nan, 0.45786452293395996, 0.578993558883667]","[nan, 1.64823317527771, 3.537445068359375, 4.509622573852539, 5.019419431686401, 5.397113800048828, 6.404308080673218, 6.404308080673218]","[nan, 1.9960248470306396, 2.3518192768096924, 2.521322250366211, 2.6062958240509033, 2.6481566429138184, 2.669708251953125, 2.6798408031463623, 2.685034990310669, 2.687544345855713, 2.689326286315918]","[nan, 60.28019666671753, 60.28019666671753, 60.28019666671753, 60.28019666671753, 60.28019666671753, 60.28019666671753, 60.28019666671753, 60.28019666671753, 60.28019666671753, 60.28019666671753]","[nan, 0.004858970642089844, 0.010747671127319336, 0.016562223434448242, 0.020014524459838867, 0.022175312042236328, 0.023907184600830078]","[nan, 0.011811971664428711, 0.041288137435913086, 0.1129446029663086, 0.2950770854949951, 0.7397456169128418, 61.76119661331177, 61.76119661331177]","[nan, 59.94857597351074, 59.94942617416382, 59.95002484321594, 59.95039415359497, 59.951091289520264, 59.95148706436157, 59.95208382606506, 59.95276069641113, 59.95376110076904, 60.07933473587036]","[nan, 0.015348196029663086, 0.02253890037536621, 0.029911518096923828, 0.03739142417907715, 0.17132019996643066, 0.17856454849243164, 0.1858198642730713, 0.19277715682983398, 0.19983339309692383, 0.20693755149841309]",mm240_80_112,[],"['', 'split_16']","['', 'down', 'split_16', 'split_4', 'swap_up', 'down', 'split_16']","['', 'split_8']","['', 'swap_down', 'up', 'swap_down', 'up', 'swap_down', 'up', 'swap_down', 'split_8', 'split_8', 'swap_up']","['', 'split_8']","['', 'swap_down', 'up', 'swap_down', 'split_8', 'split_8', 'swap_up']","['', 'down', 'split_16', 'split_4', 'up', 'swap_down', 'split_4', 'down', 'split_4']","['', 'down', 'split_8', 'split_4', 'swap_up', 'split_4', 'split_4', 'split_4', 'split_4', 'split_4', 'split_4']"
0,mm240_80_192,[31.569482148821198],[31.569482148821198],"[31.569482148821198, 31.569482148821198, 30.01526655403342, 34.82927382324597, 34.84820554996242]",[31.569482148821198],"[31.569482148821198, 15.928962634086268, 15.928962634086268, 31.569482148821198, 31.569482148821198, 31.559212047016924, 31.561914057483367, 31.561914057483367, 31.560833197777455, 31.560833197777455, 44.51475009962204]",[31.569482148821198],"[31.569482148821198, 15.928962634086268, 15.958959706483977, 15.958959706483977, 15.943843623695189, 15.943843623695189, 39.09868536185694, 86.20939641261897]","[31.569482148821198, 31.569482148821198, 29.84359314789029, 34.28332287089349, 34.28332287089349, 86.20939641261897]","[31.569482148821198, 31.569482148821198, 31.569482148821198, 32.55818061382204, 32.4382828758354, 35.01436611022725, 35.01436611022725, 35.01436611022725, 35.01436611022725, 35.01436611022725, 35.01436611022725]",mm240_80_192,[0.0006875991821289062],"[nan, 0.47449398040771484]","[nan, 1.9820067882537842, 4.1634814739227295, 5.755144834518433, 6.218233823776245, 6.218233823776245]","[nan, 2.1471736431121826, 2.501344680786133, 2.667551040649414, 2.7521839141845703, 2.7934954166412354, 2.8144638538360596, 2.8246243000030518, 2.830338478088379, 2.8329248428344727, 2.8345985412597656]","[nan, 60.12401223182678, 60.12401223182678, 60.12401223182678, 60.12401223182678, 60.12401223182678, 60.12401223182678, 60.12401223182678, 60.12401223182678, 60.12401223182678, 60.12401223182678]","[nan, 0.004916191101074219, 0.010986328125, 0.017353534698486328, 0.02126765251159668, 0.023331642150878906, 0.02496194839477539]","[nan, 0.012244939804077148, 0.0415196418762207, 0.11742019653320312, 0.3066108226776123, 0.764052152633667, 61.54263782501221, 61.54263782501221]","[nan, 59.80743193626404, 59.80810523033142, 59.80847215652466, 59.80899620056152, 59.809685945510864, 59.810455083847046, 59.94176459312439, 60.09017062187195, 60.09017062187195, 60.09017062187195]","[nan, 0.016816139221191406, 0.02409839630126953, 0.0317385196685791, 0.0390627384185791, 0.16145968437194824, 0.1685330867767334, 0.17562007904052734, 0.18282365798950195, 0.18983793258666992, 0.19705462455749512]",mm240_80_192,[],[''],"['', 'down', 'split_8', 'swap_up', 'split_16']",[''],"['', 'swap_down', 'up', 'swap_down', 'up', 'split_8', 'split_4', 'swap_down', 'split_4', 'up', 'split_4']",[''],"['', 'swap_down', 'split_8', 'up', 'split_16', 'swap_down', 'swap_down', 'swap_down']","['', 'down', 'split_16', 'swap_up', 'down', 'split_8']","['', 'down', 'split_4', 'split_16', 'swap_up', 'split_16', 'split_16', 'split_16', 'split_16', 'split_16', 'split_16']"
0,mm256_176_256,[20.727091067879513],[20.727091067879513],"[20.727091067879513, 20.61595106937439, 20.61595106937439, 21.085323240069357, 21.085323240069357, 21.7721410032561]","[20.727091067879513, 20.61595106937439, 20.936726966459375]","[20.727091067879513, 13.504208380701275, 13.504208380701275, 20.727091067879513, 20.727091067879513, 13.504208380701275, 13.504208380701275, 20.727091067879513, 20.240488747763724, 19.968398428404367, 25.69463834413194]","[20.727091067879513, 20.61595106937439, 20.936726966459375]","[20.727091067879513, 13.504208380701275, 13.751193388555869, 13.751193388555869, 13.607347328807121, 13.607347328807121, 21.434306155632985, 26.33861049266427]","[20.727091067879513, 20.727091067879513, 6.514879038532631, 6.514879038532631, 20.727091067879513, 18.901187066157142, 20.528185833935478, 43.97349619903775]","[20.727091067879513, 20.727091067879513, 20.13138250432409, 20.13138250432409, 21.33051252580937, 21.33051252580937, 20.304016237106822, 23.09620267358692, 76.80954664109531, 80.39573567901192, 80.50908964000908]",mm256_176_256,[0.0007224082946777344],"[nan, 0.34961915016174316]","[nan, 2.21643328666687, 2.9155750274658203, 3.7658190727233887, 4.865038633346558, 6.181213617324829, 6.181213617324829]","[nan, 2.6161859035491943, 2.918797492980957, 3.0543971061706543, 3.116476058959961, 3.1475448608398438, 3.163339853286743, 3.171513557434082, 3.1749722957611084, 3.1768970489501953, 3.1775474548339844]","[nan, 60.24358940124512, 60.24358940124512, 60.24358940124512, 60.24358940124512, 60.24358940124512, 60.24358940124512, 60.24358940124512, 60.24358940124512, 60.24358940124512, 60.24358940124512]","[nan, 0.004747152328491211, 0.011162042617797852, 0.018954038619995117, 0.025427579879760742, 0.028853178024291992, 0.031272172927856445, 0.032613277435302734]","[nan, 0.012273073196411133, 0.04776120185852051, 0.13536357879638672, 7.718082904815674, 25.698583841323853, 61.565619230270386, 61.565619230270386]","[nan, 59.83578538894653, 59.836590051651, 59.836931228637695, 59.83761191368103, 59.838034868240356, 59.8386766910553, 59.83952569961548, 59.84052038192749, 59.98074650764465, 60.12056589126587]","[nan, 0.01455831527709961, 0.022523164749145508, 0.029686450958251953, 0.03693127632141113, 0.04427742958068848, 0.051885366439819336, 0.059298038482666016, 0.19275164604187012, 0.32703375816345215, 0.4687995910644531]",mm256_176_256,[],[''],"['', 'split_8', 'swap_down', 'swap_down', 'up', 'split_4']","['', 'split_8', 'split_8']","['', 'swap_down', 'up', 'swap_down', 'up', 'swap_down', 'up', 'swap_down', 'split_8', 'swap_up', 'split_4']","['', 'split_8', 'split_8']","['', 'swap_down', 'split_8', 'up', 'split_16', 'swap_down', 'swap_down', 'split_8']","['', 'down', 'swap_down', 'up', 'swap_down', 'split_16', 'split_4', 'swap_up']","['', 'split_4', 'down', 'swap_down', 'down', 'split_16', 'swap_up', 'swap_up', 'swap_up', 'split_8', 'up']"
0,mm256_240_112,[28.133018258530324],"[28.133018258530324, 28.176042944094476]","[28.133018258530324, 28.176042944094476, 28.176042944094476, 36.06380218910583, 36.06380218910583, 36.06380218910583, 36.28611127955937]","[28.133018258530324, 28.162781703326726]","[28.133018258530324, 13.254820833164791, 13.254820833164791, 28.133018258530324, 28.133018258530324, 28.135031206494386, 28.135031206494386, 34.11108329636175, 34.11108329636175, 26.694545898901573, 39.79780921425515]","[28.133018258530324, 28.162781703326726]","[28.133018258530324, 28.135031206494386, 28.135031206494386, 34.11108329636175, 34.11108329636175, 26.694545898901573, 39.79780921425515]","[28.133018258530324, 28.133018258530324, 28.133018258530324, 15.638099869782494, 20.76859696195044, 45.385041551246545, 75.63259070375784]","[28.133018258530324, 28.133018258530324, 28.135031206494386, 28.135031206494386, 34.11108329636175, 34.11108329636175, 26.694545898901573, 39.79780921425515, 79.70256089509712, 79.70256089509712, 80.34185639229422]",mm256_240_112,[0.0006880760192871094],"[nan, 0.4512972831726074, 0.789682149887085]","[nan, 1.6796824932098389, 2.1382665634155273, 3.2095446586608887, 4.672247886657715, 6.1606361865997314, 6.160874605178833]","[nan, 2.655503034591675, 2.9645192623138428, 3.1021804809570312, 3.164714813232422, 3.1960911750793457, 3.2116918563842773, 3.2195684909820557, 3.2232186794281006, 3.225303888320923, 3.226060390472412]","[nan, 60.08424758911133, 60.08424758911133, 60.08424758911133, 60.08424758911133, 60.08424758911133, 60.08424758911133, 60.08424758911133, 60.08424758911133, 60.08424758911133, 60.08424758911133]","[nan, 0.005002498626708984, 0.011307716369628906, 0.019311189651489258, 0.025305509567260742, 0.026984453201293945, 0.028482437133789062]","[nan, 0.012534141540527344, 0.04840707778930664, 0.13385677337646484, 0.6844220161437988, 2.8793773651123047, 61.77180027961731, 61.77180027961731]","[nan, 59.863598346710205, 59.86421227455139, 59.86477994918823, 59.8653347492218, 59.866259813308716, 59.86679124832153, 59.86756157875061, 59.98164343833923, 59.98257780075073, 60.098164558410645]","[nan, 0.011939287185668945, 0.019470691680908203, 0.026832103729248047, 0.0339813232421875, 0.04119277000427246, 0.04852700233459473, 0.05580449104309082, 0.18017315864562988, 0.1876659393310547, 0.315335750579834]",mm256_240_112,[],"['', 'split_16']","['', 'split_16', 'swap_down', 'swap_down', 'up', 'up', 'split_4']","['', 'split_8']","['', 'swap_down', 'up', 'swap_down', 'up', 'split_4', 'swap_down', 'swap_down', 'down', 'split_16', 'swap_up']","['', 'split_8']","['', 'split_4', 'swap_down', 'swap_down', 'down', 'split_16', 'swap_up']","['', 'down', 'down', 'split_8', 'split_8', 'swap_up', 'swap_up']","['', 'split_4', 'swap_down', 'swap_down', 'down', 'split_16', 'swap_up', 'swap_up', 'down', 'split_8', 'split_4']"
0,mm64_160_64,[29.13811884489696],[29.13811884489696],[29.13811884489696],[29.13811884489696],"[29.13811884489696, 17.799747409590285, 17.799747409590285, 29.13811884489696, 17.799747409590285, 29.13811884489696, 7.331591871437601, 7.331591871437601, 29.13811884489696, 20.67675222034674, 43.98389261744967]",[29.13811884489696],"[29.13811884489696, 28.95019326339039, 28.95019326339039, 34.46360959192259, 34.46360959192259, 15.071117294668214, 30.020384324683352, 72.951522235209]","[29.13811884489696, 29.13811884489696, 29.13811884489696, 20.67675222034674, 20.67675222034674, 20.67675222034674, 43.98389261744967, 43.98389261744967, 43.98389261744967, 44.19448378177895]","[29.13811884489696, 29.13811884489696, 28.95019326339039, 28.95019326339039, 34.46360959192259, 34.46360959192259, 23.3656588705077, 34.26987737600334, 62.1400464609112, 75.07417377856693, 75.07417377856693]",mm64_160_64,[0.0007538795471191406],"[nan, 0.43944382667541504]","[nan, 1.107071876525879, 1.437032699584961]","[nan, 2.379768133163452, 2.7279276847839355, 2.8992366790771484, 2.984894275665283, 3.0269505977630615, 3.048689842224121, 3.059358596801758, 3.06490421295166, 3.0671370029449463, 3.0690042972564697]","[nan, 60.02265286445618, 60.02265286445618, 60.02265286445618, 60.02265286445618, 60.02265286445618, 60.02265286445618, 60.02265286445618, 60.02265286445618, 60.02265286445618, 60.02265286445618]","[nan, 0.004758596420288086, 0.010652542114257812, 0.016665220260620117, 0.020200014114379883, 0.02245187759399414, 0.02402019500732422]","[nan, 0.010336160659790039, 0.03481006622314453, 0.09700846672058105, 0.25580739974975586, 0.6433610916137695, 61.85152888298035, 61.85152888298035]","[nan, 59.93453240394592, 59.93534851074219, 59.93608808517456, 59.936800718307495, 59.93722152709961, 59.93769097328186, 59.93866991996765, 60.049166440963745, 60.049166440963745, 60.049166440963745]","[nan, 0.020976781845092773, 0.02829742431640625, 0.03537106513977051, 0.042704105377197266, 0.05010533332824707, 0.058005332946777344, 0.06571364402770996, 0.07336711883544922, 0.19433236122131348, 0.20202040672302246]",mm64_160_64,[],[''],[''],[''],"['', 'swap_down', 'up', 'swap_down', 'swap_up', 'swap_down', 'swap_down', 'up', 'swap_down', 'split_16', 'swap_up']",[''],"['', 'split_4', 'swap_down', 'swap_down', 'down', 'split_8', 'swap_up', 'swap_up']","['', 'down', 'down', 'split_16', 'swap_down', 'swap_up', 'swap_up', 'down', 'down', 'split_8']","['', 'split_4', 'swap_down', 'swap_down', 'down', 'split_16', 'swap_up', 'swap_up', 'swap_up', 'down', 'down']"
0,mm64_176_144,[23.12870383573364],"[23.12870383573364, 23.166196539387148, 23.224409730673962]","[23.12870383573364, 23.1382719219412, 23.1382719219412, 25.78947284738729]","[23.12870383573364, 23.166196539387148]","[23.12870383573364, 17.479656660685706, 17.479656660685706, 23.12870383573364, 23.12870383573364, 23.1382719219412, 23.1382719219412, 25.78947284738729, 25.78947284738729, 23.723048571804657, 36.57513952308472]","[23.12870383573364, 23.166196539387148]","[23.12870383573364, 23.1382719219412, 23.1382719219412, 25.78947284738729, 25.78947284738729, 23.723048571804657, 36.57513952308472, 85.02246101428383]","[23.12870383573364, 23.1382719219412, 23.255043083054954, 23.255043083054954, 23.255043083054954, 25.820468329645493, 25.820468329645493, 30.19305119924053, 36.80669866230981]","[23.12870383573364, 23.12870383573364, 23.1382719219412, 23.1382719219412, 25.78947284738729, 25.78947284738729, 23.723048571804657, 36.57513952308472, 85.02246101428383, 76.29605588090031, 76.12418162618798]",mm64_176_144,[0.0007355213165283203],"[nan, 0.4426398277282715, 0.6655292510986328, 0.6661310195922852]","[nan, 1.3422338962554932, 1.6804535388946533, 2.242525815963745, 2.8012495040893555, 3.0209434032440186]","[nan, 2.521939992904663, 2.8670156002044678, 3.0384409427642822, 3.1261799335479736, 3.1684813499450684, 3.189584732055664, 3.1995909214019775, 3.205075740814209, 3.207484245300293, 3.2089779376983643]","[nan, 60.19686412811279, 60.19686412811279, 60.19686412811279, 60.19686412811279, 60.19686412811279, 60.19686412811279, 60.19686412811279, 60.19686412811279, 60.19686412811279, 60.19686412811279]","[nan, 0.004861354827880859, 0.010591268539428711, 0.017199277877807617, 0.020671367645263672, 0.022920846939086914, 0.02456045150756836]","[nan, 0.010577678680419922, 0.03510165214538574, 0.09908890724182129, 0.2659931182861328, 0.6823039054870605, 61.65041446685791, 61.65041446685791]","[nan, 59.794262170791626, 59.79511523246765, 59.79579210281372, 59.796576499938965, 59.797224044799805, 59.7981333732605, 59.909257650375366, 59.90990614891052, 59.910314083099365, 59.9114305973053]","[nan, 0.012472867965698242, 0.020053386688232422, 0.027245521545410156, 0.03447580337524414, 0.04194903373718262, 0.04934072494506836, 0.05664253234863281, 0.06445479393005371, 0.18999958038330078, 0.31957244873046875]",mm64_176_144,[],"['', 'split_8', 'split_4']","['', 'split_4', 'swap_down', 'swap_down']","['', 'split_8']","['', 'swap_down', 'up', 'swap_down', 'up', 'split_4', 'swap_down', 'swap_down', 'down', 'split_16', 'swap_up']","['', 'split_8']","['', 'split_4', 'swap_down', 'swap_down', 'down', 'split_16', 'swap_up', 'swap_up']","['', 'split_4', 'split_4', 'down', 'down', 'swap_down', 'down', 'split_16', 'swap_up']","['', 'split_4', 'swap_down', 'swap_down', 'down', 'split_16', 'swap_up', 'swap_up', 'swap_up', 'split_4', 'up']"
0,mm64_240_240,[24.289945409560083],"[24.289945409560083, 24.31397638119862]","[24.289945409560083, 24.31397638119862, 24.31397638119862, 36.03025978849425, 36.03025978849425, 36.202045596272164]",[24.289945409560083],"[24.289945409560083, 17.806975171481014, 17.806975171481014, 24.289945409560083, 24.289945409560083, 24.287704942334493, 24.287704942334493, 33.13215924359741, 33.13215924359741, 26.680176594050806, 39.594432032995364]",[24.289945409560083],"[24.289945409560083, 24.287704942334493, 24.287704942334493, 33.13215924359741, 33.13215924359741, 26.680176594050806, 39.594432032995364, 62.08778253107421]","[24.289945409560083, 17.806975171481014, 17.806975171481014, 17.784767836509815, 17.837778987479588, 17.343357452694374, 39.60698150406395]","[24.289945409560083, 24.289945409560083, 24.287704942334493, 24.287704942334493, 33.13215924359741, 33.13215924359741, 26.680176594050806, 39.594432032995364, 62.08778253107421, 82.09787873726407, 81.8817884987006]",mm64_240_240,[0.0006859302520751953],"[nan, 0.4448843002319336, 0.4458153247833252]","[nan, 1.4658098220825195, 1.8043758869171143, 2.8422653675079346, 4.228062629699707, 5.916134834289551, 6.253241300582886, 6.253241300582886]","[nan, 2.5301918983459473, 2.8753464221954346, 3.044212818145752, 3.1299731731414795, 3.1718344688415527, 3.193021774291992, 3.203274965286255, 3.2089219093322754, 3.211202621459961, 3.2127976417541504]","[nan, 60.03596329689026, 60.03596329689026, 60.03596329689026, 60.03596329689026, 60.03596329689026, 60.03596329689026, 60.03596329689026, 60.03596329689026, 60.03596329689026, 60.03596329689026]","[nan, 0.004742860794067383, 0.010908126831054688, 0.017226457595825195, 0.020847320556640625, 0.022997140884399414, 0.024660825729370117]","[nan, 0.010513544082641602, 0.0355687141418457, 0.09986615180969238, 0.2650606632232666, 0.6779627799987793, 61.661909103393555, 61.661909103393555]","[nan, 59.7312331199646, 59.73200035095215, 59.73272180557251, 59.733343839645386, 59.84465527534485, 59.956339597702026, 59.95710635185242, 60.068745136260986, 60.068745136260986, 60.068745136260986]","[nan, 0.012632369995117188, 0.020399808883666992, 0.02741527557373047, 0.03449416160583496, 0.04215574264526367, 0.04968595504760742, 0.05710101127624512, 0.06469297409057617, 0.19611811637878418, 0.3362276554107666]",mm64_240_240,[],"['', 'split_16']","['', 'split_16', 'swap_down', 'swap_down', 'up', 'split_16']",[''],"['', 'swap_down', 'up', 'swap_down', 'up', 'split_4', 'swap_down', 'swap_down', 'down', 'split_16', 'swap_up']",[''],"['', 'split_4', 'swap_down', 'swap_down', 'down', 'split_16', 'swap_up', 'swap_up']","['', 'swap_down', 'down', 'split_16', 'split_4', 'swap_up', 'swap_up']","['', 'split_4', 'swap_down', 'swap_down', 'down', 'split_16', 'swap_up', 'swap_up', 'swap_up', 'split_8', 'split_8']"
0,mm64_240_80,[22.50982331767098],[22.50982331767098],"[22.50982331767098, 22.46147659348895, 22.46147659348895, 26.41671682861811, 26.41671682861811, 26.413025955182977, 27.168409648676736, 27.168409648676736, 27.175619789017407]","[22.50982331767098, 22.451216838412627, 22.535831201342464]","[22.50982331767098, 17.756327353385302, 17.756327353385302, 22.50982331767098, 17.756327353385302, 22.50982331767098, 7.299122655911232, 7.299122655911232, 22.50982331767098, 26.401959520433156, 43.700766399345625]","[22.50982331767098, 22.451216838412627, 22.535831201342464]","[22.50982331767098, 22.46147659348895, 22.46147659348895, 26.41671682861811, 26.41671682861811, 24.27307206068268, 37.20535917038831, 82.95696202531647]","[22.50982331767098, 22.50982331767098, 17.756327353385302, 17.734928630190367, 17.734416718382427, 17.734416718382427, 17.734416718382427, 26.835846646065146, 26.835846646065146, 30.115801727835304, 48.22416702641184]","[22.50982331767098, 22.50982331767098, 22.46147659348895, 22.46147659348895, 26.41671682861811, 26.41671682861811, 24.27307206068268, 37.20535917038831, 82.95696202531647, 82.95696202531647, 85.96613963900937]",mm64_240_80,[0.0007164478302001953],"[nan, 0.4400138854980469]","[nan, 1.5525004863739014, 1.8884053230285645, 2.44870662689209, 3.223893404006958, 4.896930932998657, 5.792498350143433, 6.128918886184692, 6.1291210651397705]","[nan, 2.3978219032287598, 2.7530155181884766, 2.925823450088501, 3.01218843460083, 3.0553317070007324, 3.077101230621338, 3.0875890254974365, 3.0932297706604004, 3.0955309867858887, 3.0972588062286377]","[nan, 60.049025535583496, 60.049025535583496, 60.049025535583496, 60.049025535583496, 60.049025535583496, 60.049025535583496, 60.049025535583496, 60.049025535583496, 60.049025535583496, 60.049025535583496]","[nan, 0.004458427429199219, 0.010622501373291016, 0.016830921173095703, 0.020375728607177734, 0.02237391471862793, 0.023986101150512695]","[nan, 0.010994434356689453, 0.035796165466308594, 0.09913349151611328, 0.2577216625213623, 0.6506738662719727, 61.89263081550598, 61.89263081550598]","[nan, 59.8219735622406, 59.82270264625549, 59.82329726219177, 59.82388758659363, 59.824366331100464, 59.82504749298096, 59.82547616958618, 59.82628417015076, 59.9428334236145, 60.058186531066895]","[nan, 0.01747727394104004, 0.024971723556518555, 0.03208804130554199, 0.03937339782714844, 0.04666423797607422, 0.054236650466918945, 0.06205463409423828, 0.06943202018737793, 0.07708096504211426, 0.20530080795288086]",mm64_240_80,[],[''],"['', 'split_4', 'swap_down', 'swap_down', 'up', 'split_16', 'swap_up', 'down', 'split_16']","['', 'split_8', 'split_8']","['', 'swap_down', 'up', 'swap_down', 'swap_up', 'swap_down', 'swap_down', 'up', 'swap_down', 'split_16', 'swap_up']","['', 'split_8', 'split_8']","['', 'split_4', 'swap_down', 'swap_down', 'down', 'split_16', 'swap_up', 'swap_up']","['', 'down', 'swap_up', 'split_8', 'split_4', 'down', 'swap_down', 'swap_down', 'down', 'split_16', 'swap_up']","['', 'split_4', 'swap_down', 'swap_down', 'down', 'split_16', 'swap_up', 'swap_up', 'down', 'split_16', 'split_16']"
0,mm80_128_224,[19.5389883639709],[19.5389883639709],"[19.5389883639709, 18.645423508372623, 18.645423508372623, 21.24648595075005, 21.248355720240852]","[19.5389883639709, 18.607081002810823, 20.633646978392672]","[19.5389883639709, 16.924246113435306, 16.924246113435306, 19.5389883639709, 16.924246113435306, 19.5389883639709, 2.9673902215943566, 2.9673902215943566, 8.080247294119719, 8.080247294119719, 24.92797409132157]","[19.5389883639709, 18.607081002810823, 20.633646978392672]","[19.5389883639709, 18.645423508372623, 18.645423508372623, 21.24648595075005, 21.24648595075005, 19.71422555124387, 22.425403777716944, 77.98323898889966]","[19.5389883639709, 19.5389883639709, 19.5389883639709, 19.132683276752275, 19.728044448649253, 45.82799716292219]","[19.5389883639709, 19.5389883639709, 18.645423508372623, 18.645423508372623, 21.24648595075005, 21.24648595075005, 19.71422555124387, 22.425403777716944, 22.425403777716944, 77.98323898889966, 82.58064516129033]",mm80_128_224,[0.0007011890411376953],"[nan, 0.33201050758361816]","[nan, 1.5750727653503418, 1.914712905883789, 2.4820611476898193, 3.2620749473571777, 3.8225197792053223, 3.823697090148926]","[nan, 2.5138089656829834, 2.8621251583099365, 3.0306921005249023, 3.1150760650634766, 3.1565001010894775, 3.1777758598327637, 3.187882423400879, 3.193516731262207, 3.195950746536255, 3.1975560188293457]","[nan, 60.16186881065369, 60.16186881065369, 60.16186881065369, 60.16186881065369, 60.16186881065369, 60.16186881065369, 60.16186881065369, 60.16186881065369, 60.16186881065369, 60.16186881065369]","[nan, 0.004665851593017578, 0.010313272476196289, 0.01649641990661621, 0.01999354362487793, 0.021958112716674805, 0.023609399795532227]","[nan, 0.010864496231079102, 0.0353240966796875, 0.0989389419555664, 0.26395606994628906, 0.6805765628814697, 61.560986280441284, 61.560986280441284]","[nan, 59.96072793006897, 59.96117377281189, 59.96194005012512, 59.96226787567139, 59.96272301673889, 59.96308255195618, 59.96371150016785, 59.96436381340027, 59.96500277519226, 60.07645082473755]","[nan, 0.020317554473876953, 0.02816486358642578, 0.03570818901062012, 0.04316234588623047, 0.05048823356628418, 0.05823016166687012, 0.06610226631164551, 0.07369494438171387, 0.08178520202636719, 0.21511244773864746]",mm80_128_224,[],[''],"['', 'split_4', 'down', 'swap_down', 'split_4']","['', 'split_8', 'split_8']","['', 'swap_down', 'up', 'swap_down', 'swap_up', 'swap_down', 'swap_down', 'up', 'split_8', 'swap_down', 'swap_down']","['', 'split_8', 'split_8']","['', 'split_4', 'swap_down', 'swap_down', 'down', 'split_16', 'swap_up', 'swap_up']","['', 'down', 'down', 'split_16', 'split_4', 'swap_up']","['', 'split_4', 'down', 'swap_down', 'down', 'split_16', 'swap_up', 'up', 'swap_down', 'split_8', 'up']"
0,mm80_176_128,[23.406322242136163],[23.406322242136163],"[23.406322242136163, 23.346741024295774, 23.346741024295774, 26.629235065529926, 26.625891043397967, 26.625891043397967, 26.590142891920006, 26.797115456099913]","[23.406322242136163, 23.346741024295774, 23.478283525702825]","[23.406322242136163, 17.363958686603976, 17.363958686603976, 23.406322242136163, 17.363958686603976, 23.406322242136163, 7.546958063847473, 7.546958063847473, 23.406322242136163, 25.562418887005613, 43.06736444667479]","[23.406322242136163, 23.346741024295774, 23.478283525702825]","[23.406322242136163, 23.307791292427268, 23.307791292427268, 25.73782899904317, 25.73782899904317, 23.405562301543497, 34.05496820762828, 84.23847250461567]","[23.406322242136163, 23.406322242136163, 23.406322242136163, 25.562418887005613, 25.562418887005613, 25.45626611109149, 25.45626611109149, 25.45626611109149, 25.45626611109149, 43.03034644127689]","[23.406322242136163, 23.406322242136163, 23.307791292427268, 23.307791292427268, 25.73782899904317, 25.73782899904317, 23.405562301543497, 34.05496820762828, 84.23847250461567, 84.23847250461567, 85.90481184012964]",mm80_176_128,[0.0007166862487792969],"[nan, 0.33271098136901855]","[nan, 1.5909690856933594, 1.9289019107818604, 2.7190566062927246, 3.7282233238220215, 4.520265817642212, 6.318559169769287, 6.318790435791016]","[nan, 2.2147932052612305, 2.5730466842651367, 2.747663736343384, 2.8360564708709717, 2.8785040378570557, 2.9012184143066406, 2.9124460220336914, 2.9182732105255127, 2.9205970764160156, 2.9221954345703125]","[nan, 60.221917390823364, 60.221917390823364, 60.221917390823364, 60.221917390823364, 60.221917390823364, 60.221917390823364, 60.221917390823364, 60.221917390823364, 60.221917390823364, 60.221917390823364]","[nan, 0.004338741302490234, 0.01050114631652832, 0.017041444778442383, 0.020640850067138672, 0.022826671600341797, 0.02432417869567871]","[nan, 0.010663270950317383, 0.03581690788269043, 0.10046672821044922, 0.26941514015197754, 0.6915802955627441, 61.658265113830566, 61.658265113830566]","[nan, 59.81463956832886, 59.81532597541809, 59.81593608856201, 59.816665172576904, 59.817434310913086, 59.929452657699585, 60.04105854034424, 60.04105854034424, 60.04105854034424, 60.04105854034424]","[nan, 0.016118764877319336, 0.02352166175842285, 0.030679702758789062, 0.03781628608703613, 0.045073747634887695, 0.052666664123535156, 0.06022167205810547, 0.06790399551391602, 0.07558083534240723, 0.2054760456085205]",mm80_176_128,[],[''],"['', 'split_8', 'down', 'swap_down', 'split_8', 'up', 'split_16', 'swap_up']","['', 'split_8', 'split_8']","['', 'swap_down', 'up', 'swap_down', 'swap_up', 'swap_down', 'swap_down', 'up', 'swap_down', 'split_16', 'swap_up']","['', 'split_8', 'split_8']","['', 'split_4', 'swap_down', 'swap_down', 'down', 'split_16', 'swap_up', 'swap_up']","['', 'down', 'down', 'split_16', 'swap_down', 'split_16', 'swap_down', 'up', 'up', 'swap_up']","['', 'split_4', 'down', 'swap_down', 'down', 'split_16', 'swap_up', 'swap_up', 'down', 'split_16', 'split_4']"
0,mm96_80_144,[46.52685163760281],[46.52685163760281],"[46.52685163760281, 46.52685163760281, 46.73823007353562, 46.58662959686591, 92.49916359986618, 92.49916359986618, 92.54173465545375]",[46.52685163760281],"[46.52685163760281, 21.105746292868186, 21.105746292868186, 46.52685163760281, 46.52685163760281, 21.105746292868186, 21.105746292868186, 46.52685163760281, 46.78964291758335, 46.67018336041188, 92.25225225225226]",[46.52685163760281],"[46.52685163760281, 21.105746292868186, 21.105746292868186, 46.52685163760281, 46.78964291758335, 46.67018336041188, 92.25225225225226]","[46.52685163760281, 46.52685163760281, 46.273771417812085, 52.14021357346597, 26.972013901591367, 26.972013901591367, 92.14080399916683, 94.74576997215676]","[46.52685163760281, 46.52685163760281, 46.52685163760281, 46.73823007353562, 46.58662959686591, 92.49916359986618, 92.49916359986618, 92.49916359986618, 92.49916359986618, 92.49916359986618, 92.49916359986618]",mm96_80_144,[0.0007271766662597656],"[nan, 0.4623134136199951]","[nan, 1.6427152156829834, 3.7908833026885986, 5.014291763305664, 5.531054973602295, 5.9057276248931885, 6.383837461471558, 6.383837461471558]","[nan, 2.09665846824646, 2.4422404766082764, 2.6119954586029053, 2.694546937942505, 2.736011266708374, 2.7580738067626953, 2.7684412002563477, 2.7740535736083984, 2.7763733863830566, 2.778040885925293]","[nan, 60.32112240791321, 60.32112240791321, 60.32112240791321, 60.32112240791321, 60.32112240791321, 60.32112240791321, 60.32112240791321, 60.32112240791321, 60.32112240791321, 60.32112240791321]","[nan, 0.0043675899505615234, 0.010114192962646484, 0.016812562942504883, 0.02039170265197754, 0.022568464279174805, 0.024188756942749023]","[nan, 0.010550260543823242, 0.03489565849304199, 0.0987098217010498, 0.2657005786895752, 0.6824367046356201, 61.55619287490845, 61.55619287490845]","[nan, 59.90048551559448, 59.90117597579956, 59.901771783828735, 59.902392864227295, 59.90311813354492, 59.903523206710815, 59.90409874916077, 59.904558420181274, 59.905364751815796, 60.01614594459534]","[nan, 0.013425588607788086, 0.02040696144104004, 0.027301788330078125, 0.03451991081237793, 0.04167890548706055, 0.048740386962890625, 0.05593419075012207, 0.06273937225341797, 0.06978559494018555, 0.07974433898925781]",mm96_80_144,[],[''],"['', 'down', 'split_16', 'split_4', 'swap_up', 'down', 'split_16']",[''],"['', 'swap_down', 'up', 'swap_down', 'up', 'swap_down', 'up', 'swap_down', 'split_8', 'split_8', 'swap_up']",[''],"['', 'swap_down', 'up', 'swap_down', 'split_8', 'split_8', 'swap_up']","['', 'down', 'split_4', 'swap_up', 'split_16', 'swap_down', 'swap_down', 'split_16']","['', 'down', 'split_16', 'split_4', 'swap_up', 'split_8', 'split_8', 'split_8', 'split_8', 'split_8', 'split_8']"
0,mm96_80_240,[49.6471475515811],[49.6471475515811],[49.6471475515811],[49.6471475515811],"[49.6471475515811, 22.652083077301217, 22.652083077301217, 49.6471475515811, 49.6471475515811, 22.652083077301217, 22.652083077301217, 49.6471475515811, 47.057622099109, 46.83878837162025, 95.60661860054982]",[49.6471475515811],"[49.6471475515811, 22.652083077301217, 22.652083077301217, 49.6471475515811, 47.057622099109, 46.83878837162025, 95.60661860054982]","[49.6471475515811, 49.6471475515811, 49.6471475515811, 49.6471475515811, 46.57073916394002, 46.08288018001125, 45.83193465368692, 45.83193465368692, 91.30854779184108, 93.22981209377608]","[49.6471475515811, 49.6471475515811, 49.6471475515811, 47.057622099109, 46.83878837162025, 95.60661860054982, 95.60661860054982, 92.32618713684631, 92.32618713684631, 92.32618713684631, 92.32618713684631]",mm96_80_240,[0.0007784366607666016],"[nan, 0.35643887519836426]","[nan, 1.4510729312896729, 1.5827460289001465]","[nan, 2.5656988620758057, 2.9134297370910645, 3.0844881534576416, 3.168802499771118, 3.2105090618133545, 3.232457160949707, 3.242621660232544, 3.2478387355804443, 3.2502381801605225, 3.2518491744995117]","[nan, 60.07044243812561, 60.07044243812561, 60.07044243812561, 60.07044243812561, 60.07044243812561, 60.07044243812561, 60.07044243812561, 60.07044243812561, 60.07044243812561, 60.07044243812561]","[nan, 0.0045049190521240234, 0.01055145263671875, 0.016866445541381836, 0.020557403564453125, 0.022679805755615234, 0.024158477783203125]","[nan, 0.01047658920288086, 0.03620553016662598, 0.10000014305114746, 0.2672853469848633, 0.6825480461120605, 61.85950541496277, 61.85950541496277]","[nan, 59.94020652770996, 59.940868616104126, 59.94138836860657, 59.94189143180847, 59.942649364471436, 59.94335460662842, 59.9442138671875, 59.94498133659363, 60.06534814834595, 60.06534814834595]","[nan, 0.016515016555786133, 0.024224519729614258, 0.031748056411743164, 0.039479970932006836, 0.04686999320983887, 0.05437970161437988, 0.18248319625854492, 0.19032049179077148, 0.1978762149810791, 0.20558595657348633]",mm96_80_240,[],[''],[''],[''],"['', 'swap_down', 'up', 'swap_down', 'up', 'swap_down', 'up', 'swap_down', 'split_8', 'split_8', 'swap_up']",[''],"['', 'swap_down', 'up', 'swap_down', 'split_8', 'split_8', 'swap_up']","['', 'down', 'down', 'up', 'split_4', 'split_4', 'split_4', 'up', 'swap_down', 'split_16']","['', 'down', 'split_8', 'split_8', 'swap_up', 'down', 'split_16', 'up', 'split_4', 'split_4', 'split_4']"
