,benchmark,base,greedy1_ln,greedy2_ln,beam2dfs_ln,beam4dfs_ln,beam2bfs_ln,beam4bfs_ln,random_ln,loop_tune_ln,benchmark,base,greedy1_ln,greedy2_ln,beam2dfs_ln,beam4dfs_ln,beam2bfs_ln,beam4bfs_ln,random_ln,loop_tune_ln,benchmark,base,greedy1_ln,greedy2_ln,beam2dfs_ln,beam4dfs_ln,beam2bfs_ln,beam4bfs_ln,random_ln,loop_tune_ln
0,mm112_240_208,[16.602175697926302],"[16.602175697926302, 18.288854542332132]","[16.602175697926302, 18.288854542332132, 18.288854542332132, 19.559965155453558]","[16.602175697926302, 18.288854542332132]","[16.602175697926302, 14.829341781921912, 14.829341781921912, 16.602175697926302, 16.602175697926302, 14.829341781921912, 14.829341781921912, 16.602175697926302, 16.952048875884966, 16.952048875884966, 29.776557586150883]","[16.602175697926302, 18.288854542332132]","[16.602175697926302, 18.288854542332132, 17.235018495684336, 17.235018495684336, 17.235018495684336, 14.058542055886766, 23.92533602639428, 32.80578072329452]","[16.602175697926302, 18.288854542332132, 17.179861818483506, 17.179861818483506, 13.886073418579786, 13.886073418579786, 13.886073418579786, 13.886073418579786, 13.886073418579786, 31.67010309278351]","[16.602175697926302, 16.602175697926302, 17.40634544079052, 17.40634544079052, 13.886159638778643, 13.886159638778643, 20.131858951969782, 29.36038817820909, 43.96629615504083, 62.37180738617032, 60.755994327597534]",mm112_240_208,[0.0008881092071533203],"[nan, 0.46941208839416504, 0.5905284881591797]","[nan, 1.4532527923583984, 1.809633731842041, 2.697152614593506, 3.6861929893493652, 3.687795877456665]","[nan, 2.4371368885040283, 2.860978126525879, 3.068838596343994, 3.1739299297332764, 3.2251179218292236, 3.2503228187561035, 3.2646658420562744, 3.271878957748413, 3.2747278213500977, 3.27669358253479]","[nan, 60.34724283218384, 60.34724283218384, 60.34724283218384, 60.34724283218384, 60.34724283218384, 60.34724283218384, 60.34724283218384, 60.34724283218384, 60.34724283218384, 60.34724283218384]","[nan, 0.005297660827636719, 0.012331008911132812, 0.020114660263061523, 0.024605751037597656, 0.027055025100708008, 0.029157638549804688]","[nan, 0.012906312942504883, 0.042269229888916016, 0.12042641639709473, 0.32086801528930664, 0.8285953998565674, 61.771209478378296, 61.771209478378296]","[nan, 59.943509101867676, 59.944334745407104, 59.94505310058594, 59.945822954177856, 59.946497201919556, 59.94719910621643, 59.94828176498413, 59.949413776397705, 59.950424671173096, 59.95137333869934]","[nan, 0.018153905868530273, 0.026892423629760742, 0.03492283821105957, 0.04302716255187988, 0.051204681396484375, 0.059958696365356445, 0.0685415267944336, 0.20498871803283691, 0.34149813652038574, 0.4875757694244385]",mm112_240_208,[],"['', 'split_8']","['', 'split_8', 'down', 'swap_down']","['', 'split_8']","['', 'swap_down', 'up', 'swap_down', 'up', 'swap_down', 'up', 'swap_down', 'split_8', 'up', 'swap_down']","['', 'split_8']","['', 'split_8', 'split_8', 'swap_down', 'swap_down', 'swap_down', 'split_8', 'swap_up']","['', 'split_8', 'split_4', 'down', 'split_4', 'swap_up', 'down', 'down', 'swap_down', 'swap_down']","['', 'split_4', 'swap_down', 'swap_down', 'down', 'split_16', 'swap_up', 'swap_up', 'swap_up', 'split_8', 'split_16']"
0,mm112_256_240,[18.951943176779373],"[18.951943176779373, 19.64264458422001]","[18.951943176779373, 18.951943176779373, 19.42018392121613, 32.56370153915317, 32.84785156296616, 32.84785156296616, 33.4368971666529]","[18.951943176779373, 19.394240023900082, 19.477351176702854]","[18.951943176779373, 14.346984409938859, 14.346984409938859, 18.951943176779373, 18.951943176779373, 14.346984409938859, 18.951943176779373, 18.56604017936639, 18.56604017936639, 32.572102071825164]","[18.951943176779373, 19.394240023900082, 19.477351176702854]","[18.951943176779373, 18.56604017936639, 18.56604017936639, 32.572102071825164, 32.572102071825164, 31.667042489450115, 32.731294191513804]","[18.951943176779373, 19.394240023900082, 19.394240023900082, 32.077942359015, 1.5027245464685173, 1.4806283022170543, 1.4927144464084499, 1.4927144464084499, 2.2756778431380655, 2.2756778431380655, 35.06197120663608]","[18.951943176779373, 18.951943176779373, 19.64264458422001, 19.64264458422001, 28.229097226637897, 28.229097226637897, 21.34034621992594, 32.56662967318746, 32.56662967318746, 28.062459983769216, 28.70770520835289]",mm112_256_240,[0.0008473396301269531],"[nan, 0.4659383296966553, 0.8224525451660156]","[nan, 1.5002336502075195, 3.6178622245788574, 4.798706769943237, 5.150177478790283, 5.3871376514434814, 6.091063976287842, 6.091063976287842]","[nan, 2.295539140701294, 2.7080559730529785, 2.9113571643829346, 3.0125107765197754, 3.062894105911255, 3.0876286029815674, 3.0994997024536133, 3.1060595512390137, 3.108916997909546, 3.1109399795532227]","[nan, 60.008910179138184, 60.008910179138184, 60.008910179138184, 60.008910179138184, 60.008910179138184, 60.008910179138184, 60.008910179138184, 60.008910179138184, 60.008910179138184, 60.008910179138184]","[nan, 0.0055141448974609375, 0.012351751327514648, 0.019852399826049805, 0.024110078811645508, 0.02669501304626465, 0.028467416763305664]","[nan, 0.012318134307861328, 0.04132270812988281, 0.12156033515930176, 3.829901695251465, 12.01236629486084, 62.34992790222168, 62.34992790222168]","[nan, 59.78657364845276, 59.787392139434814, 59.78826308250427, 59.78885078430176, 59.78959369659424, 59.790555238723755, 59.791512966156006, 59.90770435333252, 60.024580001831055, 60.024580001831055]","[nan, 0.020366668701171875, 0.029025793075561523, 0.03715252876281738, 0.04518270492553711, 0.0532071590423584, 0.06143832206726074, 0.06990528106689453, 0.07824826240539551, 0.217728853225708, 0.3645191192626953]",mm112_256_240,[],"['', 'split_4']","['', 'down', 'split_16', 'swap_up', 'split_8', 'swap_down', 'split_4']","['', 'split_8', 'split_8']","['', 'swap_down', 'up', 'swap_down', 'up', 'swap_down', 'swap_up', 'split_16', 'swap_down', 'swap_down']","['', 'split_8', 'split_8']","['', 'split_16', 'swap_down', 'swap_down', 'up', 'split_8', 'split_8']","['', 'split_8', 'swap_down', 'swap_down', 'swap_down', 'split_8', 'swap_up', 'down', 'split_8', 'swap_down', 'swap_down']","['', 'split_4', 'swap_down', 'swap_down', 'down', 'split_16', 'swap_up', 'up', 'swap_down', 'split_16', 'swap_up']"
0,mm144_224_208,[21.58758269196118],"[21.58758269196118, 22.875776746945434]","[21.58758269196118, 21.807983721814654, 21.807983721814654, 32.4763080318894, 34.11242090598712]","[21.58758269196118, 22.875776746945434]","[21.58758269196118, 14.736450445602456, 14.736450445602456, 21.58758269196118, 21.58758269196118, 20.657092319226333, 20.657092319226333, 30.453600713538396, 30.453600713538396, 22.625484344175224, 33.799227215709585]","[21.58758269196118, 22.875776746945434]","[21.58758269196118, 20.657092319226333, 20.657092319226333, 30.453600713538396, 30.453600713538396, 22.625484344175224, 33.799227215709585]","[21.58758269196118, 22.875776746945434, 22.875776746945434, 31.08601505361896, 34.61738854505538]","[21.58758269196118, 21.58758269196118, 20.657092319226333, 20.657092319226333, 30.453600713538396, 30.453600713538396, 22.625484344175224, 33.799227215709585, 50.34025120424976, 62.70794078061912, 62.47466512712831]",mm144_224_208,[0.0008671283721923828],"[nan, 0.46021556854248047, 0.691809892654419]","[nan, 1.5837314128875732, 1.9327211380004883, 3.063952684402466, 4.5904152393341064, 5.287912130355835, 5.403059005737305]","[nan, 2.762406826019287, 3.1833977699279785, 3.383286237716675, 3.4835917949676514, 3.532195568084717, 3.5575320720672607, 3.5698189735412598, 3.576496124267578, 3.5791850090026855, 3.58111834526062]","[nan, 60.23825240135193, 60.23825240135193, 60.23825240135193, 60.23825240135193, 60.23825240135193, 60.23825240135193, 60.23825240135193, 60.23825240135193, 60.23825240135193, 60.23825240135193]","[nan, 0.005977630615234375, 0.013016223907470703, 0.020891904830932617, 0.025358200073242188, 0.02788090705871582, 0.02974247932434082]","[nan, 0.013956546783447266, 0.04894447326660156, 0.1386580467224121, 0.6042413711547852, 2.589235544204712, 62.072805643081665, 62.072805643081665]","[nan, 59.98366451263428, 59.98460674285889, 59.98542642593384, 59.985931634902954, 59.986830949783325, 59.987608909606934, 60.10761880874634, 60.10761880874634, 60.10761880874634, 60.10761880874634]","[nan, 0.012771844863891602, 0.02135181427001953, 0.02967667579650879, 0.03829503059387207, 0.04680633544921875, 0.05522942543029785, 0.06381464004516602, 0.20041608810424805, 0.3366856575012207, 0.48105359077453613]",mm144_224_208,[],"['', 'split_8']","['', 'split_16', 'swap_down', 'swap_down', 'split_4']","['', 'split_8']","['', 'swap_down', 'up', 'swap_down', 'up', 'split_4', 'swap_down', 'swap_down', 'down', 'split_16', 'swap_up']","['', 'split_8']","['', 'split_4', 'swap_down', 'swap_down', 'down', 'split_16', 'swap_up']","['', 'split_8', 'swap_down', 'swap_down', 'split_4']","['', 'split_4', 'down', 'swap_down', 'down', 'split_16', 'swap_up', 'swap_up', 'swap_up', 'split_8', 'split_8']"
0,mm160_112_96,[42.36563111817074],[42.36563111817074],"[42.36563111817074, 42.36563111817074, 43.962536575393216, 41.601857225769, 88.40742073076724]",[42.36563111817074],"[42.36563111817074, 14.208185530994099, 14.208185530994099, 42.36563111817074, 42.36563111817074, 14.208185530994099, 14.208185530994099, 14.682507169192952, 14.682507169192952, 83.42967992240544]",[42.36563111817074],"[42.36563111817074, 14.208185530994099, 14.208185530994099, 14.682507169192952, 14.682507169192952, 83.42967992240544]","[42.36563111817074, 42.36563111817074, 43.962536575393216, 41.601857225769, 88.40742073076724]","[42.36563111817074, 42.36563111817074, 41.05138820946631, 41.05138820946631, 33.77646885583861, 33.77646885583861, 33.77348489310325, 34.67198742366528, 55.92626907885113, 80.14908684308611, 75.84349167860685]",mm160_112_96,[0.0008914470672607422],"[nan, 0.362445592880249]","[nan, 1.9435553550720215, 3.878444194793701, 4.907068490982056, 5.458569288253784, 5.8660876750946045, 5.867404937744141]","[nan, 2.168792963027954, 2.59158992767334, 2.792304039001465, 2.8932340145111084, 2.943143606185913, 2.96856689453125, 2.9805219173431396, 2.987135171890259, 2.989900827407837, 2.9918954372406006]","[nan, 60.08728051185608, 60.08728051185608, 60.08728051185608, 60.08728051185608, 60.08728051185608, 60.08728051185608, 60.08728051185608, 60.08728051185608, 60.08728051185608, 60.08728051185608]","[nan, 0.005796194076538086, 0.012832164764404297, 0.02015852928161621, 0.02419424057006836, 0.026743412017822266, 0.02854132652282715]","[nan, 0.014177322387695312, 0.049562931060791016, 0.1360323429107666, 0.3520522117614746, 0.8744444847106934, 61.95342254638672, 61.95342254638672]","[nan, 59.876811504364014, 59.87764263153076, 59.87839698791504, 59.87902116775513, 59.87947463989258, 59.880491495132446, 59.99431347846985, 59.995134592056274, 60.10912370681763, 60.10912370681763]","[nan, 0.014596939086914062, 0.023277997970581055, 0.03139901161193848, 0.0397796630859375, 0.04808807373046875, 0.05708789825439453, 0.06562542915344238, 0.07418465614318848, 0.20163774490356445, 0.33400940895080566]",mm160_112_96,[],[''],"['', 'down', 'split_16', 'split_4', 'swap_up']",[''],"['', 'swap_down', 'up', 'swap_down', 'up', 'swap_down', 'up', 'split_16', 'swap_down', 'swap_down']",[''],"['', 'swap_down', 'up', 'split_16', 'swap_down', 'swap_down']","['', 'down', 'split_16', 'split_4', 'swap_up']","['', 'split_4', 'down', 'swap_down', 'down', 'split_16', 'swap_up', 'swap_up', 'swap_up', 'split_4', 'up']"
0,mm176_80_64,[30.69889451002436],"[30.69889451002436, 34.59857938183913]","[30.69889451002436, 34.59857938183913]","[30.69889451002436, 29.840386780581493, 31.63933850637267]","[30.69889451002436, 14.528452466364099, 14.528452466364099, 30.69889451002436, 30.69889451002436, 34.59857938183913, 32.651049875899055, 32.651049875899055, 31.742430913926416, 31.742430913926416, 95.0899593731863]","[30.69889451002436, 29.840386780581493, 31.63933850637267]","[30.69889451002436, 34.59857938183913, 32.651049875899055, 32.651049875899055, 31.742430913926416, 31.742430913926416, 95.0899593731863]","[30.69889451002436, 30.69889451002436, 33.59818049626219, 33.59818049626219, 97.80430889455688]","[30.69889451002436, 30.69889451002436, 34.59857938183913, 34.59857938183913, 34.59857938183913, 97.80430889455688, 97.80430889455688, 97.80430889455688, 97.80430889455688, 97.80430889455688, 97.80430889455688]",mm176_80_64,[0.0009529590606689453],"[nan, 0.4577465057373047, 0.6964724063873291]","[nan, 1.6371512413024902, 1.9860765933990479, 1.9869565963745117]","[nan, 2.5896546840667725, 3.022190570831299, 3.230395555496216, 3.332859754562378, 3.3835415840148926, 3.409289598464966, 3.421743392944336, 3.4283788204193115, 3.4310035705566406, 3.4329636096954346]","[nan, 60.228554248809814, 60.228554248809814, 60.228554248809814, 60.228554248809814, 60.228554248809814, 60.228554248809814, 60.228554248809814, 60.228554248809814, 60.228554248809814, 60.228554248809814]","[nan, 0.00574183464050293, 0.012565374374389648, 0.019746780395507812, 0.024175405502319336, 0.026758193969726562, 0.02863907814025879]","[nan, 0.014443635940551758, 0.050263166427612305, 0.13795018196105957, 0.3583524227142334, 0.887749195098877, 62.0689959526062, 62.0689959526062]","[nan, 59.722023487091064, 59.72291398048401, 59.72367715835571, 59.72432231903076, 59.72525954246521, 59.84764122962952, 59.96964883804321, 59.97047019004822, 59.97141671180725, 59.97260117530823]","[nan, 0.014371156692504883, 0.023412466049194336, 0.03168177604675293, 0.04039931297302246, 0.04925203323364258, 0.0578153133392334, 0.06662797927856445, 0.0751960277557373, 0.08376598358154297, 0.09232592582702637]",mm176_80_64,[],"['', 'split_16']","['', 'split_16']","['', 'split_8', 'split_8']","['', 'swap_down', 'up', 'swap_down', 'up', 'split_16', 'split_8', 'swap_down', 'split_8', 'swap_down', 'split_8']","['', 'split_8', 'split_8']","['', 'split_16', 'split_8', 'swap_down', 'split_8', 'swap_down', 'split_8']","['', 'down', 'split_4', 'up', 'split_16']","['', 'split_16', 'down', 'down', 'split_4', 'up', 'down', 'up', 'down', 'up', 'down']"
0,mm192_208_208,[15.045485913005678],"[15.045485913005678, 15.19259490927447, 15.432955530350108]","[15.045485913005678, 14.982622427160562, 15.885912412877119]","[15.045485913005678, 15.1603338063321, 15.344337879974582]","[15.045485913005678, 11.800840026338726, 11.800840026338726, 15.045485913005678, 15.045485913005678, 15.19259490927447, 15.19259490927447, 13.341387399006306, 13.341387399006306, 13.455885247295804, 18.773045982921243]","[15.045485913005678, 15.1603338063321, 15.344337879974582]","[15.045485913005678, 15.1603338063321, 15.1603338063321, 13.867164369714791, 1.4741336787955555, 1.4741336787955555, 2.2729419587245925, 25.647741728315772]","[15.045485913005678, 15.1603338063321, 15.28296346448928, 15.555143998629251, 15.555143998629251, 15.555143998629251, 15.555143998629251, 15.555143998629251, 23.557754399697117, 31.783282444500564]","[15.045485913005678, 15.045485913005678, 15.19259490927447, 15.19259490927447, 13.341387399006306, 13.341387399006306, 13.455885247295804, 18.773045982921243, 44.08637156117897, 55.132031141110645, 55.51541317329253]",mm192_208_208,[0.0009441375732421875],"[nan, 0.47431397438049316, 0.8240253925323486, 1.0640747547149658]","[nan, 1.5895028114318848, 1.9584252834320068, 2.206113576889038, 2.2079765796661377]","[nan, 2.853788375854492, 3.2786929607391357, 3.479519844055176, 3.5806429386138916, 3.630465507507324, 3.6557881832122803, 3.6682207584381104, 3.6749536991119385, 3.6778504848480225, 3.6797754764556885]","[nan, 60.087303161621094, 60.087303161621094, 60.087303161621094, 60.087303161621094, 60.087303161621094, 60.087303161621094, 60.087303161621094, 60.087303161621094, 60.087303161621094, 60.087303161621094]","[nan, 0.005902290344238281, 0.01289677619934082, 0.020702362060546875, 0.025298595428466797, 0.027857303619384766, 0.029875516891479492]","[nan, 0.01422882080078125, 0.05029487609863281, 0.1401667594909668, 0.3664207458496094, 1.0493221282958984, 61.71156048774719, 61.71156048774719]","[nan, 59.83245849609375, 59.83323550224304, 59.83416128158569, 59.83463001251221, 59.835461378097534, 59.83673095703125, 59.83794379234314, 59.95682692527771, 59.95780563354492, 59.9588987827301]","[nan, 0.015247106552124023, 0.024292945861816406, 0.03260016441345215, 0.04117584228515625, 0.04909348487854004, 0.05775642395019531, 0.06624078750610352, 0.2038562297821045, 0.3407740592956543, 0.4862074851989746]",mm192_208_208,[],"['', 'split_4', 'split_4']","['', 'split_16', 'split_8']","['', 'split_8', 'split_8']","['', 'swap_down', 'up', 'swap_down', 'up', 'split_4', 'swap_down', 'swap_down', 'down', 'split_16', 'swap_up']","['', 'split_8', 'split_8']","['', 'split_8', 'swap_down', 'swap_down', 'swap_down', 'up', 'split_8', 'swap_up']","['', 'split_8', 'split_4', 'split_4', 'down', 'swap_down', 'swap_down', 'down', 'split_4', 'swap_up']","['', 'split_4', 'swap_down', 'swap_down', 'down', 'split_16', 'swap_up', 'swap_up', 'swap_up', 'split_4', 'split_16']"
0,mm192_224_64,[25.78381036687322],"[25.78381036687322, 26.634979001761142]","[25.78381036687322, 26.634979001761142, 26.634979001761142, 32.957111041931086, 32.957111041931086, 34.16235269294974]","[25.78381036687322, 26.634979001761142]","[25.78381036687322, 14.464865376176826, 14.464865376176826, 25.78381036687322, 14.464865376176826, 25.78381036687322, 6.235620472681758, 6.235620472681758, 25.78381036687322, 23.37182910830811, 40.10975671953894]","[25.78381036687322, 26.634979001761142]","[25.78381036687322, 26.610130657347117, 26.610130657347117, 31.490389895661725, 31.490389895661725, 13.23020944736178, 29.90869331362972, 66.70411612887591]","[25.78381036687322, 25.322213993624626, 25.322213993624626, 25.322213993624626, 6.234469387246631, 6.234469387246631, 25.322213993624626, 22.510371899981603, 37.595689319592694, 38.47541567944982, 49.73775083347639]","[25.78381036687322, 25.78381036687322, 26.610130657347117, 26.610130657347117, 31.490389895661725, 31.490389895661725, 23.631580754833614, 36.95465438654198, 74.27077346500992, 73.60051339643833, 73.1292542309838]",mm192_224_64,[0.0009822845458984375],"[nan, 0.45221471786499023, 0.6806178092956543]","[nan, 1.5449323654174805, 2.003754138946533, 2.818878173828125, 3.8555033206939697, 5.565946102142334, 6.023370742797852, 6.023370742797852]","[nan, 2.2520594596862793, 2.683258295059204, 2.8863422870635986, 2.9880826473236084, 3.038072347640991, 3.0632240772247314, 3.075199604034424, 3.0817198753356934, 3.0846140384674072, 3.086643695831299]","[nan, 60.18706703186035, 60.18706703186035, 60.18706703186035, 60.18706703186035, 60.18706703186035, 60.18706703186035, 60.18706703186035, 60.18706703186035, 60.18706703186035, 60.18706703186035]","[nan, 0.005742788314819336, 0.012788534164428711, 0.02013421058654785, 0.024613380432128906, 0.027295351028442383, 0.029205799102783203]","[nan, 0.014440536499023438, 0.05388236045837402, 0.14291906356811523, 0.3622877597808838, 0.8946805000305176, 61.884366273880005, 61.884366273880005]","[nan, 59.778666496276855, 59.77942442893982, 59.78020620346069, 59.781036138534546, 59.78179740905762, 59.78267240524292, 59.783222675323486, 59.78452134132385, 59.89824175834656, 60.012359619140625]","[nan, 0.014459371566772461, 0.023244142532348633, 0.03170919418334961, 0.04006075859069824, 0.04814338684082031, 0.05663919448852539, 0.06535863876342773, 0.19099116325378418, 0.31618189811706543, 0.44408321380615234]",mm192_224_64,[],"['', 'split_8']","['', 'split_8', 'swap_down', 'swap_down', 'up', 'split_16']","['', 'split_8']","['', 'swap_down', 'up', 'swap_down', 'swap_up', 'swap_down', 'swap_down', 'up', 'swap_down', 'split_16', 'swap_up']","['', 'split_8']","['', 'split_4', 'swap_down', 'swap_down', 'down', 'split_8', 'swap_up', 'swap_up']","['', 'split_16', 'down', 'down', 'swap_down', 'up', 'swap_down', 'split_16', 'swap_up', 'split_8', 'swap_up']","['', 'split_4', 'swap_down', 'swap_down', 'down', 'split_16', 'swap_up', 'swap_up', 'swap_up', 'split_8', 'swap_up']"
0,mm208_240_176,[16.68100747671359],"[16.68100747671359, 16.692480145913287, 17.21219126354816]","[16.68100747671359, 16.239502496666027, 16.239502496666027, 19.07910866352732, 19.07910866352732, 19.45955284260232]","[16.68100747671359, 16.692480145913287, 16.926956799839704]","[16.68100747671359, 12.290793362127756, 12.290793362127756, 16.68100747671359, 16.68100747671359, 16.64849767068608, 16.64849767068608, 18.544714254505617, 18.544714254505617, 19.690763007205373]","[16.68100747671359, 16.692480145913287, 16.926956799839704]","[16.68100747671359, 16.692480145913287, 16.692480145913287, 18.510663849098584, 1.4607981374238495, 1.4607981374238495, 2.34910863536561, 26.51092688004949]","[16.68100747671359, 12.290793362127756, 12.290793362127756, 12.44416116935955, 12.44416116935955, 11.789762968052216, 11.789762968052216, 17.539374617582855, 17.539374617582855, 17.08319236557509, 31.926799532685656]","[16.68100747671359, 16.68100747671359, 16.64849767068608, 16.64849767068608, 18.544714254505617, 18.544714254505617, 17.510971861808354, 19.35052049321591, 64.06720336016801, 76.46978954514597, 74.56120846947002]",mm208_240_176,[0.0009021759033203125],"[nan, 0.47664523124694824, 0.8403642177581787, 0.841667890548706]","[nan, 1.6030020713806152, 1.9670588970184326, 3.0771663188934326, 4.53800892829895, 6.103348016738892, 6.103348016738892]","[nan, 2.8454504013061523, 3.2741751670837402, 3.4780540466308594, 3.581932783126831, 3.633183717727661, 3.659102439880371, 3.6712820529937744, 3.6777379512786865, 3.6805410385131836, 3.6824545860290527]","[nan, 60.3747775554657, 60.3747775554657, 60.3747775554657, 60.3747775554657, 60.3747775554657, 60.3747775554657, 60.3747775554657, 60.3747775554657, 60.3747775554657, 60.3747775554657]","[nan, 0.0054628849029541016, 0.012514114379882812, 0.020038366317749023, 0.024137496948242188, 0.026704072952270508, 0.02866053581237793]","[nan, 0.014174938201904297, 0.04989147186279297, 0.1389632225036621, 0.3612818717956543, 0.9176454544067383, 62.15035676956177, 62.15035676956177]","[nan, 59.709444761276245, 59.710357904434204, 59.71113085746765, 59.712074518203735, 59.83238482475281, 59.83335018157959, 59.83416557312012, 59.95680522918701, 60.0806884765625, 60.0806884765625]","[nan, 0.01461172103881836, 0.023550748825073242, 0.032091617584228516, 0.040305376052856445, 0.04840087890625, 0.05695152282714844, 0.0655362606048584, 0.2003765106201172, 0.33573126792907715, 0.47701478004455566]",mm208_240_176,[],"['', 'split_8', 'split_4']","['', 'split_16', 'swap_down', 'swap_down', 'up', 'split_8']","['', 'split_8', 'split_8']","['', 'swap_down', 'up', 'swap_down', 'up', 'split_4', 'swap_down', 'swap_down', 'up', 'split_8']","['', 'split_8', 'split_8']","['', 'split_8', 'swap_down', 'swap_down', 'swap_down', 'up', 'split_8', 'swap_up']","['', 'swap_down', 'up', 'split_4', 'down', 'split_4', 'down', 'swap_down', 'down', 'split_16', 'swap_up']","['', 'split_4', 'swap_down', 'swap_down', 'down', 'split_16', 'swap_up', 'swap_up', 'swap_up', 'split_8', 'split_4']"
0,mm224_176_240,[23.629175854775028],"[23.629175854775028, 24.553232457176073]","[23.629175854775028, 24.116840414956798, 24.116840414956798, 30.359773402918943]",[23.629175854775028],"[23.629175854775028, 13.708612869645345, 13.708612869645345, 23.629175854775028, 23.629175854775028, 24.116840414956798, 24.116840414956798, 30.359773402918943, 30.359773402918943, 21.930295030444064, 33.35193315344499]",[23.629175854775028],"[23.629175854775028, 24.116840414956798, 24.116840414956798, 30.359773402918943, 30.359773402918943, 21.930295030444064, 33.35193315344499]","[23.629175854775028, 23.629175854775028, 23.629175854775028, 12.48573677546547, 22.28401654739713, 36.46290801186943, 38.686063341756004, 38.686063341756004, 38.8158048576369, 40.034695924075166]","[23.629175854775028, 23.629175854775028, 24.116840414956798, 24.116840414956798, 30.359773402918943, 30.359773402918943, 21.930295030444064, 33.35193315344499, 66.20481190065529, 66.20481190065529, 70.44743670403061]",mm224_176_240,[0.0009119510650634766],"[nan, 0.4655771255493164, 0.5851321220397949]","[nan, 1.6828627586364746, 2.2758090496063232, 2.8653478622436523, 3.2238106727600098, 3.5772268772125244]","[nan, 2.838939905166626, 3.2778851985931396, 3.4857394695281982, 3.5904974937438965, 3.6422553062438965, 3.6685333251953125, 3.6810362339019775, 3.687734603881836, 3.6906113624572754, 3.6926417350769043]","[nan, 60.06989240646362, 60.06989240646362, 60.06989240646362, 60.06989240646362, 60.06989240646362, 60.06989240646362, 60.06989240646362, 60.06989240646362, 60.06989240646362, 60.06989240646362]","[nan, 0.005873441696166992, 0.013026237487792969, 0.020867347717285156, 0.025147676467895508, 0.027828216552734375, 0.029777050018310547]","[nan, 0.014220237731933594, 0.050232648849487305, 0.1398153305053711, 0.48505067825317383, 1.887557029724121, 61.762237310409546, 61.762237310409546]","[nan, 59.98028779029846, 59.98110914230347, 59.98179364204407, 59.98263120651245, 59.983606576919556, 59.984280824661255, 59.98550868034363, 60.103238105773926, 60.103238105773926, 60.103238105773926]","[nan, 0.017005443572998047, 0.025625944137573242, 0.03392219543457031, 0.04221510887145996, 0.05032181739807129, 0.05870199203491211, 0.06734943389892578, 0.20732784271240234, 0.2159864902496338, 0.36162805557250977]",mm224_176_240,[],"['', 'split_16']","['', 'split_4', 'down', 'swap_down']",[''],"['', 'swap_down', 'up', 'swap_down', 'up', 'split_4', 'swap_down', 'swap_down', 'down', 'split_16', 'swap_up']",[''],"['', 'split_4', 'swap_down', 'swap_down', 'down', 'split_16', 'swap_up']","['', 'down', 'down', 'split_8', 'split_8', 'swap_up', 'swap_up', 'down', 'split_4', 'split_4']","['', 'split_4', 'down', 'swap_down', 'down', 'split_16', 'swap_up', 'swap_up', 'down', 'split_16', 'swap_up']"
0,mm224_224_112,[19.983400837070043],"[19.983400837070043, 20.496769404997895]","[19.983400837070043, 20.496769404997895, 20.496769404997895, 22.45706464729213, 22.505494505494504, 22.505494505494504, 22.505494505494504, 23.28391256069872]","[19.983400837070043, 19.869153855944788, 19.99043824701195]","[19.983400837070043, 13.590038619935818, 13.590038619935818, 19.983400837070043, 13.590038619935818, 19.983400837070043, 6.088307737476483, 6.088307737476483, 19.983400837070043, 22.43863796077429, 39.35510347000945]","[19.983400837070043, 19.869153855944788, 19.99043824701195]","[19.983400837070043, 19.869153855944788, 19.869153855944788, 24.681417717071458, 24.681417717071458, 33.380428681316396]","[19.983400837070043, 19.983400837070043, 19.983400837070043, 22.43863796077429, 39.35510347000945, 58.37145676447676, 58.47683959147359]","[19.983400837070043, 19.983400837070043, 20.496769404997895, 20.496769404997895, 22.45706464729213, 22.45706464729213, 21.0942231898202, 31.321198069356043, 63.80525909441846, 65.72493523656927, 63.886862164420464]",mm224_224_112,[0.0008566379547119141],"[nan, 0.4564497470855713, 0.6864917278289795]","[nan, 1.5233588218688965, 2.10878586769104, 2.6898157596588135, 3.4993016719818115, 4.079835653305054, 6.284252166748047, 6.2845611572265625]","[nan, 2.622389078140259, 3.048407793045044, 3.2494969367980957, 3.3526201248168945, 3.4032864570617676, 3.4292893409729004, 3.441816806793213, 3.448660373687744, 3.4516594409942627, 3.453639268875122]","[nan, 60.04437565803528, 60.04437565803528, 60.04437565803528, 60.04437565803528, 60.04437565803528, 60.04437565803528, 60.04437565803528, 60.04437565803528, 60.04437565803528, 60.04437565803528]","[nan, 0.005633354187011719, 0.012627601623535156, 0.019997596740722656, 0.024422645568847656, 0.02696704864501953, 0.028842449188232422]","[nan, 0.014682292938232422, 0.05093955993652344, 0.1386246681213379, 0.35702967643737793, 0.8893635272979736, 61.90425181388855, 61.90425181388855]","[nan, 59.902263879776, 59.90307307243347, 59.90387225151062, 59.9047474861145, 59.90554404258728, 59.90641713142395, 59.90712881088257, 59.907888889312744, 59.90829634666443, 59.909141302108765]","[nan, 0.014529228210449219, 0.022922992706298828, 0.03093242645263672, 0.038982391357421875, 0.04712796211242676, 0.055467844009399414, 0.0639035701751709, 0.19347167015075684, 0.3230433464050293, 0.4581577777862549]",mm224_224_112,[],"['', 'split_4']","['', 'split_4', 'down', 'swap_down', 'split_4', 'up', 'up', 'split_16']","['', 'split_8', 'split_8']","['', 'swap_down', 'up', 'swap_down', 'swap_up', 'swap_down', 'swap_down', 'up', 'swap_down', 'split_16', 'swap_up']","['', 'split_8', 'split_8']","['', 'split_8', 'swap_down', 'split_8', 'swap_down', 'swap_down']","['', 'down', 'down', 'split_16', 'swap_up', 'swap_up', 'split_4']","['', 'split_4', 'swap_down', 'swap_down', 'down', 'split_16', 'swap_up', 'swap_up', 'swap_up', 'split_8', 'swap_up']"
0,mm240_192_96,[25.468897083588818],"[25.468897083588818, 27.034238308404507]","[25.468897083588818, 27.034238308404507, 27.034238308404507, 32.28692482017933, 32.28692482017933, 34.40169843454728]","[25.468897083588818, 27.034238308404507]","[25.468897083588818, 13.46081050652093, 13.46081050652093, 25.468897083588818, 13.46081050652093, 25.468897083588818, 6.060931565707771, 6.060931565707771, 25.468897083588818, 22.25896536628811, 38.82992683751081]","[25.468897083588818, 27.034238308404507]","[25.468897083588818, 27.034238308404507, 24.630872109532902, 24.630872109532902, 26.98846928192301, 26.98846928192301, 26.98846928192301, 34.271503554066356]","[25.468897083588818, 27.034238308404507, 27.034238308404507, 27.034238308404507, 27.034238308404507, 13.076030617387591, 24.40826100630666, 39.70791388216919, 39.70791388216919, 65.28405191815291]","[25.468897083588818, 25.468897083588818, 26.283398789117506, 26.283398789117506, 30.960697925889118, 30.960697925889118, 23.494845525087236, 32.93290848991989, 78.03418652648662, 82.11997735225594, 77.37832235720096]",mm240_192_96,[0.0009396076202392578],"[nan, 0.4569089412689209, 0.6894760131835938]","[nan, 1.5662400722503662, 2.0326595306396484, 2.8685405254364014, 3.9227640628814697, 5.662782907485962, 6.01437783241272, 6.01437783241272]","[nan, 2.276289939880371, 2.704080581665039, 2.9072577953338623, 3.009385824203491, 3.059326171875, 3.0851335525512695, 3.097673177719116, 3.1042771339416504, 3.1070127487182617, 3.1090219020843506]","[nan, 60.10774540901184, 60.10774540901184, 60.10774540901184, 60.10774540901184, 60.10774540901184, 60.10774540901184, 60.10774540901184, 60.10774540901184, 60.10774540901184, 60.10774540901184]","[nan, 0.005605459213256836, 0.012365579605102539, 0.019795656204223633, 0.024088621139526367, 0.026666641235351562, 0.028560876846313477]","[nan, 0.014104604721069336, 0.050046682357788086, 0.13628435134887695, 0.35564756393432617, 0.8954038619995117, 61.83079767227173, 61.83079767227173]","[nan, 59.96251463890076, 59.96345376968384, 59.96424913406372, 59.96500253677368, 59.965410232543945, 59.96627855300903, 60.083789587020874, 60.083789587020874, 60.083789587020874, 60.083789587020874]","[nan, 0.014654874801635742, 0.023176908493041992, 0.031699180603027344, 0.039938926696777344, 0.04823446273803711, 0.056914329528808594, 0.06548690795898438, 0.19272899627685547, 0.32037973403930664, 0.4529404640197754]",mm240_192_96,[],"['', 'split_8']","['', 'split_8', 'swap_down', 'swap_down', 'up', 'split_16']","['', 'split_8']","['', 'swap_down', 'up', 'swap_down', 'swap_up', 'swap_down', 'swap_down', 'up', 'swap_down', 'split_16', 'swap_up']","['', 'split_8']","['', 'split_8', 'split_16', 'swap_down', 'split_8', 'swap_down', 'swap_down', 'swap_down']","['', 'split_8', 'down', 'down', 'down', 'split_8', 'split_8', 'swap_up', 'up', 'swap_down']","['', 'split_4', 'swap_down', 'swap_down', 'down', 'split_16', 'swap_up', 'swap_up', 'swap_up', 'split_8', 'split_4']"
0,mm240_224_128,[25.219363989195806],"[25.219363989195806, 26.44779549817725]","[25.219363989195806, 26.44779549817725, 26.44779549817725, 31.749886958206833, 31.749886958206833, 32.84636203514098, 33.73780112618189]",[25.219363989195806],"[25.219363989195806, 13.361280657998336, 13.361280657998336, 25.219363989195806, 25.219363989195806, 24.99815636562448, 24.99815636562448, 31.178773379730316, 31.178773379730316, 23.150702213878752, 34.4269701146435]",[25.219363989195806],"[25.219363989195806, 24.99815636562448, 24.99815636562448, 31.178773379730316, 31.178773379730316, 23.150702213878752, 34.4269701146435]","[25.219363989195806, 25.219363989195806, 25.219363989195806, 13.620430804554474, 27.2100816743741, 27.2100816743741, 27.23641401147833, 27.23641401147833, 10.700370711317891, 10.700370711317891, 75.35554521313]","[25.219363989195806, 25.219363989195806, 24.99815636562448, 24.99815636562448, 31.178773379730316, 31.178773379730316, 23.150702213878752, 34.4269701146435, 74.80343292586815, 74.81115870496401, 74.54735530699021]",mm240_224_128,[0.0008215904235839844],"[nan, 0.46168994903564453, 0.5796024799346924]","[nan, 1.7160413265228271, 2.067211627960205, 3.2020788192749023, 4.745864152908325, 6.142456531524658, 6.142716646194458]","[nan, 2.7550809383392334, 3.1843605041503906, 3.386672019958496, 3.4872961044311523, 3.5374345779418945, 3.5635406970977783, 3.5761923789978027, 3.5829193592071533, 3.585752248764038, 3.5877761840820312]","[nan, 60.260586977005005, 60.260586977005005, 60.260586977005005, 60.260586977005005, 60.260586977005005, 60.260586977005005, 60.260586977005005, 60.260586977005005, 60.260586977005005, 60.260586977005005]","[nan, 0.005701303482055664, 0.012704849243164062, 0.020194292068481445, 0.024448394775390625, 0.026996850967407227, 0.029018640518188477]","[nan, 0.014213800430297852, 0.05010032653808594, 0.13946199417114258, 0.5962986946105957, 3.0127792358398438, 61.727134227752686, 61.727134227752686]","[nan, 59.8459689617157, 59.84686326980591, 59.84728193283081, 59.84804081916809, 59.848947048187256, 59.849430322647095, 59.850342750549316, 59.96761417388916, 59.968730449676514, 60.0889310836792]","[nan, 0.019999027252197266, 0.028806447982788086, 0.037088871002197266, 0.04561972618103027, 0.05397796630859375, 0.06239032745361328, 0.07085752487182617, 0.20723748207092285, 0.338604211807251, 0.4739842414855957]",mm240_224_128,[],"['', 'split_16']","['', 'split_16', 'down', 'swap_down', 'up', 'split_16', 'split_8']",[''],"['', 'swap_down', 'up', 'swap_down', 'up', 'split_4', 'swap_down', 'swap_down', 'down', 'split_16', 'swap_up']",[''],"['', 'split_4', 'swap_down', 'swap_down', 'down', 'split_16', 'swap_up']","['', 'down', 'down', 'split_8', 'swap_up', 'up', 'split_8', 'down', 'swap_down', 'down', 'swap_up']","['', 'split_4', 'swap_down', 'swap_down', 'down', 'split_16', 'swap_up', 'swap_up', 'swap_up', 'split_8', 'swap_down']"
0,mm240_240_64,[25.915393943654546],[25.915393943654546],"[25.915393943654546, 24.477031203832503, 24.477031203832503, 31.833784536469736, 31.833784536469736, 32.85839710135885]",[25.915393943654546],"[25.915393943654546, 12.862256896226876, 12.862256896226876, 25.915393943654546, 12.862256896226876, 25.915393943654546, 5.714963409444479, 5.714963409444479, 25.915393943654546, 22.623168127255322, 37.53895032687725]",[25.915393943654546],"[25.915393943654546, 24.41251750775639, 24.41251750775639, 29.461973722067707, 29.461973722067707, 22.250389309383262, 34.37266895419962]","[25.915393943654546, 25.915393943654546, 25.915393943654546, 14.243543576032025, 25.524755148884022, 41.277839363095836, 71.0179548431841, 71.11728448650057, 71.11728448650057, 71.19419847623094]","[25.915393943654546, 25.915393943654546, 24.41251750775639, 24.41251750775639, 29.461973722067707, 29.461973722067707, 22.250389309383262, 34.37266895419962, 70.13031484828308, 73.10224478464345, 74.21709062723347]",mm240_240_64,[0.0008997917175292969],"[nan, 0.3409690856933594]","[nan, 1.8921535015106201, 2.237882137298584, 3.309507131576538, 4.7430315017700195, 6.125509262084961, 6.125509262084961]","[nan, 2.602341890335083, 3.031423568725586, 3.234217882156372, 3.335967540740967, 3.3860843181610107, 3.4116172790527344, 3.424004554748535, 3.4309146404266357, 3.4336297512054443, 3.435607671737671]","[nan, 60.07790803909302, 60.07790803909302, 60.07790803909302, 60.07790803909302, 60.07790803909302, 60.07790803909302, 60.07790803909302, 60.07790803909302, 60.07790803909302, 60.07790803909302]","[nan, 0.005701303482055664, 0.01252436637878418, 0.020021677017211914, 0.02445816993713379, 0.026996374130249023, 0.02895355224609375]","[nan, 0.014291763305664062, 0.049957275390625, 0.13757920265197754, 0.35521626472473145, 0.8854987621307373, 61.82018852233887, 61.82018852233887]","[nan, 59.99555802345276, 59.99642086029053, 59.99724102020264, 59.99807691574097, 59.99877429008484, 59.999316692352295, 60.00002956390381, 60.00002956390381, 60.00002956390381, 60.00002956390381]","[nan, 0.014543294906616211, 0.023546934127807617, 0.0319828987121582, 0.04043102264404297, 0.04868173599243164, 0.05760955810546875, 0.06633949279785156, 0.1942131519317627, 0.32376670837402344, 0.4527773857116699]",mm240_240_64,[],[''],"['', 'split_16', 'swap_down', 'swap_down', 'up', 'split_16']",[''],"['', 'swap_down', 'up', 'swap_down', 'swap_up', 'swap_down', 'swap_down', 'up', 'swap_down', 'split_16', 'swap_up']",[''],"['', 'split_4', 'swap_down', 'swap_down', 'down', 'split_16', 'swap_up']","['', 'down', 'down', 'split_8', 'split_4', 'swap_up', 'swap_up', 'split_4', 'swap_down', 'split_4']","['', 'split_4', 'swap_down', 'swap_down', 'down', 'split_16', 'swap_up', 'swap_up', 'split_4', 'swap_up', 'split_4']"
0,mm256_176_128,[18.015250197577835],"[18.015250197577835, 18.548600613658735, 19.031076806818913]","[18.015250197577835, 18.437886242802655, 19.38198573027326]","[18.015250197577835, 18.437886242802655, 17.616208761418356, 18.45558723667073]","[18.015250197577835, 13.784323567232175, 13.784323567232175, 18.015250197577835, 18.015250197577835, 17.477087560173278, 17.477087560173278, 17.93198357656006, 17.93198357656006, 17.946966655774943, 20.208661403527213]","[18.015250197577835, 18.437886242802655, 17.616208761418356, 18.45558723667073]","[18.015250197577835, 17.477087560173278, 17.477087560173278, 17.93198357656006, 17.93198357656006, 17.946966655774943, 20.208661403527213]","[18.015250197577835, 18.015250197577835, 18.015250197577835, 16.95502800276353, 24.96387982884636, 41.90494459582198]","[18.015250197577835, 18.015250197577835, 17.477087560173278, 17.477087560173278, 17.93198357656006, 17.93198357656006, 17.946966655774943, 20.208661403527213, 76.26965370856504, 74.64816588573352, 74.54829598702197]",mm256_176_128,[0.0008280277252197266],"[nan, 0.4627354145050049, 0.8102600574493408, 0.9259214401245117]","[nan, 1.6932756900787354, 2.400181293487549, 2.6368377208709717, 2.6391472816467285]","[nan, 2.489515542984009, 2.857391357421875, 3.018617868423462, 3.0934791564941406, 3.1306040287017822, 3.1490530967712402, 3.1585586071014404, 3.1630055904388428, 3.1655917167663574, 3.166501522064209]","[nan, 60.22755146026611, 60.22755146026611, 60.22755146026611, 60.22755146026611, 60.22755146026611, 60.22755146026611, 60.22755146026611, 60.22755146026611, 60.22755146026611, 60.22755146026611]","[nan, 0.005881071090698242, 0.013995647430419922, 0.02322554588317871, 0.030257701873779297, 0.0325167179107666, 0.03447318077087402]","[nan, 0.015040874481201172, 0.0580291748046875, 0.1630082130432129, 3.3108959197998047, 10.231028079986572, 61.808412313461304, 61.808412313461304]","[nan, 59.92184782028198, 59.9227089881897, 59.92344307899475, 59.92428278923035, 60.0387544631958, 60.0387544631958, 60.0387544631958, 60.0387544631958, 60.0387544631958, 60.0387544631958]","[nan, 0.02038264274597168, 0.02915668487548828, 0.03744220733642578, 0.0456540584564209, 0.05385088920593262, 0.06236076354980469, 0.0711216926574707, 0.2017076015472412, 0.3326389789581299, 0.4694077968597412]",mm256_176_128,[],"['', 'split_16', 'split_4']","['', 'split_8', 'split_16']","['', 'split_8', 'split_8', 'split_4']","['', 'swap_down', 'up', 'swap_down', 'up', 'split_4', 'swap_down', 'swap_down', 'down', 'split_16', 'swap_up']","['', 'split_8', 'split_8', 'split_4']","['', 'split_4', 'swap_down', 'swap_down', 'down', 'split_16', 'swap_up']","['', 'down', 'down', 'split_16', 'split_4', 'swap_up']","['', 'split_4', 'down', 'swap_down', 'down', 'split_16', 'swap_up', 'swap_up', 'swap_up', 'split_8', 'swap_up']"
0,mm256_240_160,[23.734436227464673],"[23.734436227464673, 24.70961725530808]","[23.734436227464673, 24.70961725530808, 24.70961725530808, 28.20661436843283, 28.20661436843283, 28.20661436843283, 29.25540146419856]",[23.734436227464673],"[23.734436227464673, 11.490931534134743, 11.490931534134743, 23.734436227464673, 23.734436227464673, 11.490931534134743, 11.053646233620496, 30.603753554856475, 31.544241164041026]",[23.734436227464673],"[23.734436227464673, 11.490931534134743, 11.053646233620496, 30.603753554856475, 31.544241164041026]","[23.734436227464673, 23.734436227464673, 23.734436227464673, 16.26562690023355, 36.087907004917376, 37.53579692547367]","[23.734436227464673, 23.734436227464673, 24.70961725530808, 24.70961725530808, 28.20661436843283, 28.20661436843283, 23.38953652295258, 18.65354583215528, 47.54440481228463, 62.593879038907865, 61.08000969287263]",mm256_240_160,[0.0008702278137207031],"[nan, 0.4791750907897949, 0.7163214683532715]","[nan, 1.8417482376098633, 2.7974050045013428, 3.394233465194702, 4.218761920928955, 6.246516466140747, 6.24680495262146]","[nan, 3.057861328125, 3.427746057510376, 3.589531421661377, 3.6637563705444336, 3.7008845806121826, 3.7191877365112305, 3.7288715839385986, 3.7331690788269043, 3.735719680786133, 3.736666679382324]","[nan, 60.095574378967285, 60.095574378967285, 60.095574378967285, 60.095574378967285, 60.095574378967285, 60.095574378967285, 60.095574378967285, 60.095574378967285, 60.095574378967285, 60.095574378967285]","[nan, 0.005880117416381836, 0.01397705078125, 0.02349996566772461, 0.030675649642944336, 0.033119916915893555, 0.03500628471374512]","[nan, 0.015270709991455078, 0.0579986572265625, 0.1641550064086914, 4.764341592788696, 16.059240341186523, 62.44268250465393, 62.44268250465393]","[nan, 59.856149196624756, 59.85705065727234, 59.85765290260315, 59.85860323905945, 59.85972762107849, 59.860583782196045, 59.86151742935181, 59.9884557723999, 60.12010169029236, 60.12010169029236]","[nan, 0.014306068420410156, 0.02325153350830078, 0.031464576721191406, 0.04010653495788574, 0.0485844612121582, 0.05727577209472656, 0.06549739837646484, 0.1992349624633789, 0.333158016204834, 0.47365689277648926]",mm256_240_160,[],"['', 'split_4']","['', 'split_4', 'swap_down', 'swap_down', 'up', 'up', 'split_4']",[''],"['', 'swap_down', 'up', 'swap_down', 'up', 'swap_down', 'split_8', 'swap_up', 'split_4']",[''],"['', 'swap_down', 'split_8', 'swap_up', 'split_4']","['', 'down', 'down', 'split_16', 'swap_up', 'split_8']","['', 'split_4', 'swap_down', 'swap_down', 'down', 'split_16', 'swap_up', 'swap_up', 'swap_up', 'split_4', 'swap_up']"
0,mm256_96_240,[40.362688272851074],"[40.362688272851074, 41.65644366756714]","[40.362688272851074, 41.4577812765778, 42.68272208874866, 42.68272208874866, 42.78101551818555]","[40.362688272851074, 41.65644366756714]","[40.362688272851074, 13.703070403687459, 13.703070403687459, 40.362688272851074, 40.362688272851074, 13.703070403687459, 13.703070403687459, 40.362688272851074, 41.65923875041495, 40.33315554096746, 81.46008990905511]","[40.362688272851074, 41.65644366756714]","[40.362688272851074, 13.703070403687459, 13.703070403687459, 40.362688272851074, 41.65923875041495, 40.33315554096746, 81.46008990905511]","[40.362688272851074, 40.362688272851074, 41.91085246530664, 41.764843335103556, 86.24923229900855, 86.24923229900855, 90.28240804518529]","[40.362688272851074, 40.362688272851074, 40.362688272851074, 41.91085246530664, 79.68494788535452, 76.75452694041942, 76.75452694041942, 86.24923229900855, 86.24923229900855, 86.24923229900855, 86.24923229900855]",mm256_96_240,[0.0009889602661132812],"[nan, 0.5143711566925049, 0.7820720672607422]","[nan, 1.8806605339050293, 2.3998513221740723, 2.669842481613159, 3.191696882247925, 3.3287858963012695, 3.330288887023926]","[nan, 3.0721232891082764, 3.439343214035034, 3.6008262634277344, 3.6745412349700928, 3.7117092609405518, 3.729785203933716, 3.7391579151153564, 3.743516445159912, 3.746035575866699, 3.746890068054199]","[nan, 60.04174733161926, 60.04174733161926, 60.04174733161926, 60.04174733161926, 60.04174733161926, 60.04174733161926, 60.04174733161926, 60.04174733161926, 60.04174733161926, 60.04174733161926]","[nan, 0.005808830261230469, 0.013402462005615234, 0.022419452667236328, 0.029262781143188477, 0.03155970573425293, 0.03341269493103027]","[nan, 0.01470327377319336, 0.05678915977478027, 0.16184186935424805, 3.5374228954315186, 11.424872398376465, 61.63790774345398, 61.63790774345398]","[nan, 59.817782402038574, 59.81864094734192, 59.81954383850098, 59.82039189338684, 59.82096529006958, 59.822020292282104, 59.823082447052, 59.824321269989014, 60.001544713974, 60.001544713974]","[nan, 0.015003681182861328, 0.023547649383544922, 0.03221321105957031, 0.040666818618774414, 0.17929315567016602, 0.18773245811462402, 0.19648218154907227, 0.20482182502746582, 0.21285748481750488, 0.22114920616149902]",mm256_96_240,[],"['', 'split_8']","['', 'split_16', 'split_8', 'down', 'split_4']","['', 'split_8']","['', 'swap_down', 'up', 'swap_down', 'up', 'swap_down', 'up', 'swap_down', 'split_8', 'split_8', 'swap_up']","['', 'split_8']","['', 'swap_down', 'up', 'swap_down', 'split_8', 'split_8', 'swap_up']","['', 'down', 'split_16', 'split_4', 'swap_up', 'down', 'split_4']","['', 'down', 'split_16', 'swap_up', 'split_4', 'swap_down', 'swap_down', 'split_16', 'split_16', 'split_16', 'split_16']"
0,mm256_96_64,[88.9628959276018],[88.9628959276018],"[88.9628959276018, 88.9628959276018, 100.94432500080224]","[88.9628959276018, 85.5747551686616, 91.35528837776616]","[88.9628959276018, 14.378498948715604, 14.378498948715604, 88.9628959276018, 88.9628959276018, 85.16929741437662, 85.16929741437662, 85.94180804852061, 85.94180804852061, 93.55046690061262, 96.01758134424027]","[88.9628959276018, 85.5747551686616, 91.35528837776616]","[88.9628959276018, 14.378498948715604, 14.378498948715604, 15.314684089072374, 15.314684089072374, 89.98850015733616, 89.98850015733616, 100.94432500080224]","[88.9628959276018, 88.9628959276018, 100.94432500080224]","[88.9628959276018, 88.9628959276018, 85.16929741437662, 90.81725272821755, 85.54450276017731, 85.54450276017731, 85.54450276017731, 85.54450276017731, 85.54450276017731, 85.54450276017731, 85.54450276017731]",mm256_96_64,[0.0009515285491943359],"[nan, 0.3449056148529053]","[nan, 2.0194201469421387, 3.8963725566864014, 4.507570266723633, 4.756197214126587]","[nan, 2.3480091094970703, 2.7158851623535156, 2.877957820892334, 2.9513933658599854, 2.9896135330200195, 3.0078799724578857, 3.0172762870788574, 3.021517753601074, 3.024132013320923, 3.0249571800231934]","[nan, 60.09096050262451, 60.09096050262451, 60.09096050262451, 60.09096050262451, 60.09096050262451, 60.09096050262451, 60.09096050262451, 60.09096050262451, 60.09096050262451, 60.09096050262451]","[nan, 0.0056858062744140625, 0.013401269912719727, 0.021973848342895508, 0.029152631759643555, 0.03142285346984863, 0.03323507308959961]","[nan, 0.015087127685546875, 0.057782649993896484, 0.16160058975219727, 0.4177360534667969, 1.0392000675201416, 62.027727365493774, 62.027727365493774]","[nan, 59.80300998687744, 59.8039231300354, 59.804709672927856, 59.80545473098755, 59.806230783462524, 59.807066917419434, 59.919597148895264, 59.920681953430176, 59.921918630599976, 60.034597873687744]","[nan, 0.02004528045654297, 0.029137611389160156, 0.037847042083740234, 0.04644203186035156, 0.0546572208404541, 0.06305098533630371, 0.07101249694824219, 0.07942605018615723, 0.08791470527648926, 0.0962226390838623]",mm256_96_64,[],[''],"['', 'down', 'split_16']","['', 'split_8', 'split_8']","['', 'swap_down', 'up', 'swap_down', 'up', 'split_4', 'swap_down', 'split_4', 'up', 'split_4', 'split_8']","['', 'split_8', 'split_8']","['', 'swap_down', 'up', 'split_16', 'swap_down', 'swap_down', 'up', 'swap_up']","['', 'down', 'split_16']","['', 'split_4', 'split_4', 'split_4', 'up', 'up', 'up', 'up', 'up', 'up', 'up']"
0,mm64_240_192,[22.521048190332912],[22.521048190332912],"[22.521048190332912, 22.521048190332912, 22.614563523710206, 31.64529524749713, 32.73435635596748]",[22.521048190332912],"[22.521048190332912, 15.8395166163142, 15.8395166163142, 22.521048190332912, 22.521048190332912, 21.943346949708697, 21.943346949708697, 29.690572192271098, 29.690572192271098, 24.224044815534302, 35.468534832676866]",[22.521048190332912],"[22.521048190332912, 21.943346949708697, 21.943346949708697, 29.690572192271098, 29.690572192271098, 24.224044815534302, 35.468534832676866, 62.889739516137624]","[22.521048190332912, 22.521048190332912, 22.521048190332912, 20.673019967684386, 22.739676383389686, 22.739676383389686, 22.36401277024926, 22.36401277024926, 31.845196959225984, 39.15324106342726]","[22.521048190332912, 22.521048190332912, 21.943346949708697, 21.943346949708697, 29.690572192271098, 29.690572192271098, 24.224044815534302, 35.468534832676866, 62.889739516137624, 76.14758966149397, 76.23715537632323]",mm64_240_192,[0.0009510517120361328],"[nan, 0.3401644229888916]","[nan, 1.6166162490844727, 3.671635627746582, 4.817703008651733, 5.162447690963745, 5.277745485305786, 5.279385566711426]","[nan, 2.2499783039093018, 2.6643707752227783, 2.865518093109131, 2.966149091720581, 3.01739501953125, 3.042712926864624, 3.0549678802490234, 3.0615060329437256, 3.064183473587036, 3.0659902095794678]","[nan, 60.01836109161377, 60.01836109161377, 60.01836109161377, 60.01836109161377, 60.01836109161377, 60.01836109161377, 60.01836109161377, 60.01836109161377, 60.01836109161377, 60.01836109161377]","[nan, 0.005153179168701172, 0.011977910995483398, 0.019410133361816406, 0.02362203598022461, 0.026037216186523438, 0.027951478958129883]","[nan, 0.012858867645263672, 0.04318547248840332, 0.11940765380859375, 0.3170628547668457, 0.8077404499053955, 61.808852672576904, 61.808852672576904]","[nan, 59.90668702125549, 59.90743970870972, 59.907809019088745, 59.908342123031616, 59.90918588638306, 59.91007733345032, 59.911041021347046, 59.91203546524048, 59.91320013999939, 60.026628255844116]","[nan, 0.014826059341430664, 0.023552656173706055, 0.032485008239746094, 0.040992021560668945, 0.049513816833496094, 0.05827689170837402, 0.06693387031555176, 0.07545781135559082, 0.20916748046875, 0.3511788845062256]",mm64_240_192,[],[''],"['', 'down', 'split_16', 'swap_up', 'split_4']",[''],"['', 'swap_down', 'up', 'swap_down', 'up', 'split_4', 'swap_down', 'swap_down', 'down', 'split_16', 'swap_up']",[''],"['', 'split_4', 'swap_down', 'swap_down', 'down', 'split_16', 'swap_up', 'swap_up']","['', 'down', 'down', 'split_16', 'split_4', 'down', 'split_4', 'swap_up', 'swap_up', 'swap_up']","['', 'split_4', 'swap_down', 'swap_down', 'down', 'split_16', 'swap_up', 'swap_up', 'swap_up', 'split_8', 'split_4']"
0,mm64_96_112,[42.63230283129918],"[42.63230283129918, 43.882915630380715]","[42.63230283129918, 42.63230283129918, 44.37245292752128, 43.165825047831134, 88.43696183009895, 88.43696183009895, 90.6445366528354]","[42.63230283129918, 42.673281448637255]","[42.63230283129918, 40.682727837062885, 40.682727837062885, 42.63230283129918, 42.63230283129918, 40.682727837062885, 40.682727837062885, 42.63230283129918, 44.37245292752128, 43.165825047831134, 88.43696183009895]","[42.63230283129918, 42.673281448637255]","[42.63230283129918, 40.682727837062885, 40.682727837062885, 42.63230283129918, 44.37245292752128, 43.165825047831134, 88.43696183009895]","[42.63230283129918, 42.63230283129918, 6.767917383820998, 42.63230283129918, 41.312880857322966, 41.61519155755798, 41.71989814477991, 90.31736448352801, 90.31736448352801, 90.31736448352801, 92.3228013684846]","[42.63230283129918, 42.63230283129918, 40.08551539335333, 40.08551539335333, 34.58624849215923, 34.58624849215923, 33.503481182141286, 34.678627223706094, 76.82143455205134, 78.2052505966587, 77.61863403079352]",mm64_96_112,[0.0009133815765380859],"[nan, 0.4713561534881592, 0.5929393768310547]","[nan, 1.544048547744751, 3.4656126499176025, 4.694336414337158, 5.344477415084839, 5.727309703826904, 6.240368127822876, 6.240368127822876]","[nan, 2.145336151123047, 2.5651259422302246, 2.768810987472534, 2.87088942527771, 2.921757459640503, 2.9477429389953613, 2.9597508907318115, 2.9664666652679443, 2.9692599773406982, 2.971252202987671]","[nan, 60.05191612243652, 60.05191612243652, 60.05191612243652, 60.05191612243652, 60.05191612243652, 60.05191612243652, 60.05191612243652, 60.05191612243652, 60.05191612243652, 60.05191612243652]","[nan, 0.0054950714111328125, 0.012471437454223633, 0.01980733871459961, 0.024333953857421875, 0.026867389678955078, 0.028862953186035156]","[nan, 0.012907266616821289, 0.042939186096191406, 0.11847829818725586, 0.3128702640533447, 0.7888529300689697, 61.83492875099182, 61.83492875099182]","[nan, 59.76464009284973, 59.765231132507324, 59.766063928604126, 59.76658248901367, 59.76736545562744, 59.76844787597656, 59.89677166938782, 59.89792466163635, 60.02679896354675, 60.02679896354675]","[nan, 0.022594928741455078, 0.03150534629821777, 0.03946566581726074, 0.04744362831115723, 0.056021690368652344, 0.06464028358459473, 0.07324457168579102, 0.08188676834106445, 0.21042513847351074, 0.3434286117553711]",mm64_96_112,[],"['', 'split_16']","['', 'down', 'split_8', 'split_8', 'swap_up', 'down', 'split_16']","['', 'split_8']","['', 'swap_down', 'up', 'swap_down', 'up', 'swap_down', 'up', 'swap_down', 'split_8', 'split_8', 'swap_up']","['', 'split_8']","['', 'swap_down', 'up', 'swap_down', 'split_8', 'split_8', 'swap_up']","['', 'down', 'swap_down', 'swap_up', 'split_4', 'split_4', 'split_4', 'swap_up', 'down', 'down', 'split_4']","['', 'split_4', 'down', 'swap_down', 'down', 'split_16', 'swap_up', 'swap_up', 'swap_up', 'split_4', 'up']"
0,mm64_96_240,[39.0503303716847],"[39.0503303716847, 41.05408227187304, 41.613681581509546]","[39.0503303716847, 41.05408227187304, 41.613681581509546]","[39.0503303716847, 41.05408227187304]","[39.0503303716847, 36.90413324490383, 36.90413324490383, 39.0503303716847, 39.0503303716847, 36.90413324490383, 36.90413324490383, 39.0503303716847, 39.72627835551485, 44.135949355722175, 86.92545760014148]","[39.0503303716847, 41.05408227187304]","[39.0503303716847, 36.90413324490383, 36.90413324490383, 39.0503303716847, 39.72627835551485, 44.135949355722175, 86.92545760014148]","[39.0503303716847, 41.05408227187304, 41.05408227187304, 41.05408227187304, 39.600386722526586, 44.140573549661745, 75.28835107605116, 75.28835107605116, 75.28835107605116, 75.28835107605116, 89.22667312114244]","[39.0503303716847, 39.0503303716847, 39.0503303716847, 40.2138104068943, 43.42177331487971, 84.35456651697606, 84.35456651697606, 84.35456651697606, 84.35456651697606, 84.35456651697606, 84.35456651697606]",mm64_96_240,[0.0008912086486816406],"[nan, 0.5039591789245605, 0.7690384387969971, 0.7698488235473633]","[nan, 1.5127389430999756, 1.8936562538146973, 2.0282342433929443, 2.029743194580078]","[nan, 2.399332046508789, 2.8237712383270264, 3.033268451690674, 3.1363067626953125, 3.186877727508545, 3.2122700214385986, 3.224642038345337, 3.231522560119629, 3.234323024749756, 3.236253023147583]","[nan, 60.34925079345703, 60.34925079345703, 60.34925079345703, 60.34925079345703, 60.34925079345703, 60.34925079345703, 60.34925079345703, 60.34925079345703, 60.34925079345703, 60.34925079345703]","[nan, 0.005441188812255859, 0.012635231018066406, 0.02030324935913086, 0.02474689483642578, 0.027248144149780273, 0.029205799102783203]","[nan, 0.013021230697631836, 0.04345536231994629, 0.12116384506225586, 0.32521843910217285, 0.8180088996887207, 61.923076152801514, 61.923076152801514]","[nan, 59.96867322921753, 59.96923351287842, 59.96999406814575, 59.97089886665344, 59.97188377380371, 59.972742795944214, 59.97364258766174, 59.974231243133545, 59.97503900527954, 60.117361545562744]","[nan, 0.014533758163452148, 0.023252248764038086, 0.03151845932006836, 0.04030942916870117, 0.17169570922851562, 0.17990446090698242, 0.18802762031555176, 0.19648313522338867, 0.20434284210205078, 0.21216130256652832]",mm64_96_240,[],"['', 'split_8', 'split_4']","['', 'split_8', 'split_4']","['', 'split_8']","['', 'swap_down', 'up', 'swap_down', 'up', 'swap_down', 'up', 'swap_down', 'split_8', 'split_8', 'swap_up']","['', 'split_8']","['', 'swap_down', 'up', 'swap_down', 'split_8', 'split_8', 'swap_up']","['', 'split_8', 'swap_down', 'down', 'split_4', 'split_16', 'swap_up', 'down', 'up', 'up', 'swap_down']","['', 'down', 'split_4', 'split_16', 'swap_up', 'split_4', 'split_4', 'split_4', 'split_4', 'split_4', 'split_4']"
0,mm80_176_128,[26.258896894373738],[26.258896894373738],"[26.258896894373738, 25.43363368872644, 25.43363368872644, 32.98600752244379, 33.32513567736984, 33.32513567736984, 35.31553421839023]","[26.258896894373738, 25.43363368872644, 27.047461824184893]","[26.258896894373738, 15.692325106553415, 15.692325106553415, 26.258896894373738, 15.692325106553415, 26.258896894373738, 6.4989028702069325, 6.4989028702069325, 26.258896894373738, 22.517304280466778, 39.42338400962485]","[26.258896894373738, 25.43363368872644, 27.047461824184893]","[26.258896894373738, 26.200109031437396, 26.200109031437396, 30.561980668136343, 30.561980668136343, 24.0696618409103, 37.48887132337646, 73.9031841387653]","[26.258896894373738, 26.258896894373738, 26.258896894373738, 6.4989028702069325, 6.539901878247743, 6.527761931409675, 6.527761931409675, 6.527761931409675, 6.527761931409675, 60.65187029901226]","[26.258896894373738, 26.258896894373738, 26.200109031437396, 26.200109031437396, 30.561980668136343, 30.561980668136343, 24.0696618409103, 37.48887132337646, 73.9031841387653, 73.9031841387653, 64.0443488921661]",mm80_176_128,[0.0009930133819580078],"[nan, 0.338789701461792]","[nan, 1.6135733127593994, 1.9588916301727295, 2.7667274475097656, 3.795074224472046, 4.605754852294922, 6.4374682903289795, 6.4374682903289795]","[nan, 2.366960287094116, 2.7849724292755127, 2.988154172897339, 3.0907249450683594, 3.1415860652923584, 3.1672189235687256, 3.1795902252197266, 3.1862902641296387, 3.1892011165618896, 3.1911349296569824]","[nan, 60.303754568099976, 60.303754568099976, 60.303754568099976, 60.303754568099976, 60.303754568099976, 60.303754568099976, 60.303754568099976, 60.303754568099976, 60.303754568099976, 60.303754568099976]","[nan, 0.0053713321685791016, 0.012311697006225586, 0.019644975662231445, 0.02405571937561035, 0.026602983474731445, 0.02846074104309082]","[nan, 0.012289285659790039, 0.04178929328918457, 0.11807489395141602, 0.3155653476715088, 0.8098773956298828, 61.798051595687866, 61.798051595687866]","[nan, 59.89753222465515, 59.89846920967102, 59.89908766746521, 59.899961948394775, 59.90041375160217, 59.90138268470764, 60.01411747932434, 60.01411747932434, 60.01411747932434, 60.01411747932434]","[nan, 0.014260292053222656, 0.022808313369750977, 0.0310518741607666, 0.039563894271850586, 0.04808235168457031, 0.05673480033874512, 0.0655221939086914, 0.0741729736328125, 0.08286309242248535, 0.21943998336791992]",mm80_176_128,[],[''],"['', 'split_8', 'down', 'swap_down', 'split_8', 'up', 'split_4']","['', 'split_8', 'split_8']","['', 'swap_down', 'up', 'swap_down', 'swap_up', 'swap_down', 'swap_down', 'up', 'swap_down', 'split_16', 'swap_up']","['', 'split_8', 'split_8']","['', 'split_4', 'swap_down', 'swap_down', 'down', 'split_16', 'swap_up', 'swap_up']","['', 'down', 'down', 'swap_up', 'split_16', 'swap_up', 'down', 'down', 'down', 'swap_up']","['', 'split_4', 'down', 'swap_down', 'down', 'split_16', 'swap_up', 'swap_up', 'down', 'split_16', 'split_4']"
0,mm80_192_240,[20.353806400318028],"[20.353806400318028, 20.700459897912772]","[20.353806400318028, 20.700459897912772, 20.700459897912772, 33.18509983256216, 33.18509983256216, 33.329264819561416]","[20.353806400318028, 20.700459897912772]","[20.353806400318028, 15.18611893815809, 15.18611893815809, 20.353806400318028, 20.353806400318028, 20.66251891710106, 20.66251891710106, 30.237460525776154, 30.237460525776154, 22.741798171476514, 35.31355822608379]","[20.353806400318028, 20.700459897912772]","[20.353806400318028, 20.66251891710106, 20.66251891710106, 30.237460525776154, 30.237460525776154, 11.907072893030467, 30.862610981577372, 39.14996654665945]","[20.353806400318028, 20.66251891710106, 20.66251891710106, 30.237460525776154, 30.237460525776154, 22.741798171476514, 22.741798171476514, 22.741798171476514, 35.31355822608379]","[20.353806400318028, 20.353806400318028, 20.66251891710106, 20.66251891710106, 30.237460525776154, 30.237460525776154, 22.741798171476514, 35.31355822608379, 47.787507372814886, 47.23398530344478, 48.37890509655702]",mm80_192_240,[0.0008656978607177734],"[nan, 0.4564065933227539, 0.691082239151001]","[nan, 1.41349196434021, 1.7609574794769287, 2.588991403579712, 3.623138189315796, 5.479982614517212, 6.179605722427368, 6.179605722427368]","[nan, 2.398973226547241, 2.8168349266052246, 3.020644187927246, 3.1228127479553223, 3.1733415126800537, 3.1988444328308105, 3.2113349437713623, 3.2180392742156982, 3.2208757400512695, 3.2228620052337646]","[nan, 60.080888986587524, 60.080888986587524, 60.080888986587524, 60.080888986587524, 60.080888986587524, 60.080888986587524, 60.080888986587524, 60.080888986587524, 60.080888986587524, 60.080888986587524]","[nan, 0.005656719207763672, 0.012970447540283203, 0.020661354064941406, 0.02501201629638672, 0.027451515197753906, 0.029294967651367188]","[nan, 0.012721538543701172, 0.04271411895751953, 0.12076354026794434, 0.3203868865966797, 0.8170621395111084, 62.1221718788147, 62.1221718788147]","[nan, 59.8940863609314, 59.89482021331787, 59.895463705062866, 59.896231174468994, 59.89697051048279, 59.897647857666016, 59.89823627471924, 59.89878010749817, 59.89982795715332, 60.0153489112854]","[nan, 0.013377666473388672, 0.02220630645751953, 0.0307772159576416, 0.03900551795959473, 0.04718971252441406, 0.05525779724121094, 0.06398797035217285, 0.20258355140686035, 0.34100770950317383, 0.4887526035308838]",mm80_192_240,[],"['', 'split_8']","['', 'split_8', 'swap_down', 'swap_down', 'up', 'split_4']","['', 'split_8']","['', 'swap_down', 'up', 'swap_down', 'up', 'split_4', 'swap_down', 'swap_down', 'down', 'split_16', 'swap_up']","['', 'split_8']","['', 'split_4', 'swap_down', 'swap_down', 'down', 'split_8', 'swap_up', 'swap_up']","['', 'split_4', 'down', 'swap_down', 'down', 'split_16', 'down', 'up', 'swap_up']","['', 'split_4', 'down', 'swap_down', 'down', 'split_16', 'swap_up', 'swap_up', 'swap_up', 'split_8', 'split_8']"
0,mm80_64_64,[31.047943907523216],"[31.047943907523216, 32.81065385000501]","[31.047943907523216, 30.968717512522442, 32.917775880255164, 32.917775880255164, 33.900268984067864, 33.900268984067864, 34.752359741223884]","[31.047943907523216, 30.054113546730257, 32.86330358038311]","[31.047943907523216, 13.37305636044566, 13.37305636044566, 31.047943907523216, 31.047943907523216, 13.37305636044566, 13.37305636044566, 13.804899627156491, 13.804899627156491, 28.848879693621516, 60.83921277385816]","[31.047943907523216, 30.054113546730257, 32.86330358038311]","[31.047943907523216, 32.81065385000501, 32.81065385000501, 14.65474060822898, 15.991410863305841, 14.868188211806343, 14.868188211806343, 85.27781392322707]","[31.047943907523216, 31.047943907523216, 32.722188935490315, 30.10796159323747, 32.722188935490315, 32.722188935490315, 30.39280248573946, 30.39280248573946, 88.01504163309158]","[31.047943907523216, 31.047943907523216, 31.047943907523216, 31.047943907523216, 31.047943907523216, 31.047943907523216, 31.047943907523216, 31.047943907523216, 31.047943907523216, 31.047943907523216, 31.047943907523216]",mm80_64_64,[0.001031637191772461],"[nan, 0.45308542251586914, 0.5708155632019043]","[nan, 1.4950213432312012, 1.8441503047943115, 1.9641454219818115, 2.1982483863830566, 2.437898635864258, 2.4421753883361816, 2.5623507499694824, 2.5640316009521484]","[nan, 2.556281805038452, 2.9775242805480957, 3.1823923587799072, 3.284553050994873, 3.335066080093384, 3.36100697517395, 3.3734476566314697, 3.3798584938049316, 3.382479429244995, 3.3843982219696045]","[nan, 60.348538398742676, 60.348538398742676, 60.348538398742676, 60.348538398742676, 60.348538398742676, 60.348538398742676, 60.348538398742676, 60.348538398742676, 60.348538398742676, 60.348538398742676]","[nan, 0.005341291427612305, 0.011956930160522461, 0.019223451614379883, 0.02351069450378418, 0.02614426612854004, 0.028035402297973633]","[nan, 0.012382030487060547, 0.04196429252624512, 0.11568903923034668, 0.3042294979095459, 0.7678430080413818, 59.11264371871948, 61.61142897605896, 61.61142897605896]","[nan, 60.000200271606445, 60.000200271606445, 60.000200271606445, 60.000200271606445, 60.000200271606445, 60.000200271606445, 60.000200271606445, 60.000200271606445, 60.000200271606445, 60.000200271606445]","[nan, 0.02342081069946289, 0.031887054443359375, 0.04004096984863281, 0.0483250617980957, 0.056403398513793945, 0.06437301635742188, 0.07240700721740723, 0.08070564270019531, 0.08859372138977051, 0.09630584716796875]",mm80_64_64,[],"['', 'split_16']","['', 'split_4', 'split_4', 'swap_down', 'split_4', 'up', 'split_4']","['', 'split_8', 'split_8']","['', 'swap_down', 'up', 'swap_down', 'up', 'swap_down', 'up', 'split_8', 'swap_down', 'swap_down', 'split_8']","['', 'split_8', 'split_8']","['', 'split_16', 'swap_down', 'swap_down', 'split_8', 'swap_up', 'down', 'swap_down']","['', 'down', 'split_16', 'swap_up', 'swap_down', 'down', 'split_8', 'swap_down', 'split_8']","['', 'down', 'up', 'down', 'up', 'down', 'up', 'down', 'up', 'down', 'up']"
0,mm96_256_128,[26.19235476807021],[26.19235476807021],"[26.19235476807021, 26.19235476807021, 25.338939635590354, 32.081260517056755, 32.081260517056755, 32.2551101495491]",[26.19235476807021],"[26.19235476807021, 15.120239368413463, 15.120239368413463, 26.19235476807021, 15.120239368413463, 26.19235476807021, 2.106755292876696, 2.106755292876696, 26.19235476807021, 22.83119710847571, 35.34347139751361]",[26.19235476807021],"[26.19235476807021, 25.8256168595272, 25.8256168595272, 30.825964252116652, 30.825964252116652, 22.33697956053554, 34.44089470860659]","[26.19235476807021, 26.19235476807021, 26.19235476807021, 22.83119710847571, 35.34347139751361]","[26.19235476807021, 26.19235476807021, 25.8256168595272, 25.8256168595272, 30.825964252116652, 30.825964252116652, 22.33697956053554, 34.44089470860659, 59.2778630988835, 59.2778630988835, 58.70757516376462]",mm96_256_128,[0.0009145736694335938],"[nan, 0.341092586517334]","[nan, 1.6778712272644043, 3.770211935043335, 4.915025472640991, 5.261389493942261, 6.123245000839233, 6.123245000839233]","[nan, 2.270087718963623, 2.6880195140838623, 2.89072847366333, 2.9920334815979004, 3.0426928997039795, 3.0685667991638184, 3.0809829235076904, 3.0875377655029297, 3.090301275253296, 3.092055082321167]","[nan, 60.29976439476013, 60.29976439476013, 60.29976439476013, 60.29976439476013, 60.29976439476013, 60.29976439476013, 60.29976439476013, 60.29976439476013, 60.29976439476013, 60.29976439476013]","[nan, 0.005811929702758789, 0.013050079345703125, 0.02072882652282715, 0.025031089782714844, 0.027739524841308594, 0.02971625328063965]","[nan, 0.01282048225402832, 0.042859792709350586, 0.12070512771606445, 0.3219029903411865, 0.825941801071167, 61.784947872161865, 61.784947872161865]","[nan, 59.97633337974548, 59.977052211761475, 59.97769212722778, 59.978654861450195, 59.979705810546875, 60.094385862350464, 60.094385862350464, 60.094385862350464, 60.094385862350464, 60.094385862350464]","[nan, 0.019136667251586914, 0.02765798568725586, 0.03604555130004883, 0.044298410415649414, 0.05241227149963379, 0.060901641845703125, 0.0694122314453125, 0.19958257675170898, 0.20861172676086426, 0.3452904224395752]",mm96_256_128,[],[''],"['', 'down', 'split_16', 'swap_up', 'down', 'split_4']",[''],"['', 'swap_down', 'up', 'swap_down', 'swap_up', 'swap_down', 'swap_down', 'up', 'swap_down', 'split_16', 'swap_up']",[''],"['', 'split_4', 'swap_down', 'swap_down', 'down', 'split_16', 'swap_up']","['', 'down', 'down', 'split_16', 'swap_up']","['', 'split_4', 'down', 'swap_down', 'down', 'split_16', 'swap_up', 'swap_up', 'down', 'split_16', 'swap_up']"
0,mm96_256_208,[21.038887597002915],"[21.038887597002915, 22.365816468282183]","[21.038887597002915, 22.365816468282183, 22.365816468282183, 31.353379723194216]","[21.038887597002915, 20.818212547598197, 21.484729591997564]","[21.038887597002915, 14.85323597395937, 14.85323597395937, 21.038887597002915, 21.038887597002915, 20.69327504022832, 20.69327504022832, 28.15190040725963, 28.15190040725963, 20.626476077110084, 33.685054002227304]","[21.038887597002915, 20.818212547598197, 21.484729591997564]","[21.038887597002915, 20.69327504022832, 20.69327504022832, 28.15190040725963, 28.15190040725963, 20.626476077110084, 33.685054002227304]","[21.038887597002915, 22.365816468282183, 22.365816468282183, 21.020114192194058, 21.020114192194058, 21.020114192194058, 21.020114192194058, 31.93263410398486, 31.93263410398486, 31.93263410398486, 34.82098738100509]","[21.038887597002915, 21.038887597002915, 20.69327504022832, 20.69327504022832, 28.15190040725963, 28.15190040725963, 20.626476077110084, 33.685054002227304, 33.685054002227304, 42.319969864930314, 44.509915408828306]",mm96_256_208,[0.0009319782257080078],"[nan, 0.45775866508483887, 0.45912623405456543]","[nan, 1.6575524806976318, 2.0064358711242676, 3.111112356185913, 4.330318212509155, 4.560493469238281]","[nan, 2.746258020401001, 3.1620426177978516, 3.3657143115997314, 3.466546058654785, 3.517728805541992, 3.54315185546875, 3.5554137229919434, 3.562115430831909, 3.564953565597534, 3.5667998790740967]","[nan, 60.30018997192383, 60.30018997192383, 60.30018997192383, 60.30018997192383, 60.30018997192383, 60.30018997192383, 60.30018997192383, 60.30018997192383, 60.30018997192383, 60.30018997192383]","[nan, 0.005521059036254883, 0.012425422668457031, 0.02003335952758789, 0.02438807487487793, 0.026984691619873047, 0.028972864151000977]","[nan, 0.012360572814941406, 0.041577816009521484, 0.11848115921020508, 0.4327700138092041, 1.9205608367919922, 61.52858304977417, 61.52858304977417]","[nan, 59.894811391830444, 59.89568257331848, 59.89653253555298, 59.89740872383118, 59.89824891090393, 59.8989372253418, 59.89978098869324, 59.900914669036865, 59.90160536766052, 60.01954531669617]","[nan, 0.012938261032104492, 0.02134084701538086, 0.029526233673095703, 0.03783082962036133, 0.04629850387573242, 0.054850101470947266, 0.06360387802124023, 0.07233023643493652, 0.20873761177062988, 0.3515329360961914]",mm96_256_208,[],"['', 'split_16']","['', 'split_16', 'swap_down', 'swap_down']","['', 'split_8', 'split_8']","['', 'swap_down', 'up', 'swap_down', 'up', 'split_4', 'swap_down', 'swap_down', 'down', 'split_16', 'swap_up']","['', 'split_8', 'split_8']","['', 'split_4', 'swap_down', 'swap_down', 'down', 'split_16', 'swap_up']","['', 'split_16', 'down', 'split_16', 'up', 'swap_down', 'swap_down', 'swap_down', 'down', 'up', 'split_16']","['', 'split_4', 'down', 'swap_down', 'down', 'split_16', 'swap_up', 'up', 'swap_down', 'split_16', 'swap_up']"
